run_id,UNWIND_THRESHOLD_LONG,UNWIND_THRESHOLD_SHORT,TAKE_PROFIT_LONG,TAKE_PROFIT_SHORT,ASK_SKEW1,ASK_SKEW2,BID_SKEW1,BID_SKEW2,PRICE_OFFSET_ASK,PRICE_OFFSET_BID,total_pnl,pnl_EMERALDS,pnl_TOMATOES,duration_s
1,10,-10,10,-10,-1,-2,1,2,1,1,29964.5,14490.0,15474.5,1.93
2,10,-10,10,-10,-1,-2,1,2,1,2,28564.5,14490.0,14074.5,1.79
3,10,-10,10,-10,-1,-2,1,2,2,1,28657.5,14490.0,14167.5,1.78
4,10,-10,10,-10,-1,-2,1,2,2,2,27257.5,14490.0,12767.5,1.93
5,10,-10,10,-10,-1,-2,1,3,1,1,29964.5,14490.0,15474.5,1.78
6,10,-10,10,-10,-1,-2,1,3,1,2,28564.5,14490.0,14074.5,1.9
7,10,-10,10,-10,-1,-2,1,3,2,1,28657.5,14490.0,14167.5,1.81
8,10,-10,10,-10,-1,-2,1,3,2,2,27257.5,14490.0,12767.5,1.77
9,10,-10,10,-10,-1,-2,2,2,1,1,29964.5,14490.0,15474.5,1.76
10,10,-10,10,-10,-1,-2,2,2,1,2,28564.5,14490.0,14074.5,1.82
11,10,-10,10,-10,-1,-2,2,2,2,1,28657.5,14490.0,14167.5,1.97
12,10,-10,10,-10,-1,-2,2,2,2,2,27257.5,14490.0,12767.5,1.89
13,10,-10,10,-10,-1,-2,2,3,1,1,29964.5,14490.0,15474.5,1.94
14,10,-10,10,-10,-1,-2,2,3,1,2,28564.5,14490.0,14074.5,1.88
15,10,-10,10,-10,-1,-2,2,3,2,1,28657.5,14490.0,14167.5,1.99
16,10,-10,10,-10,-1,-2,2,3,2,2,27257.5,14490.0,12767.5,1.81
17,10,-10,10,-10,-1,-3,1,2,1,1,29964.5,14490.0,15474.5,1.79
18,10,-10,10,-10,-1,-3,1,2,1,2,28564.5,14490.0,14074.5,1.75
19,10,-10,10,-10,-1,-3,1,2,2,1,28657.5,14490.0,14167.5,1.76
20,10,-10,10,-10,-1,-3,1,2,2,2,27257.5,14490.0,12767.5,1.79
21,10,-10,10,-10,-1,-3,1,3,1,1,29964.5,14490.0,15474.5,1.77
22,10,-10,10,-10,-1,-3,1,3,1,2,28564.5,14490.0,14074.5,1.79
23,10,-10,10,-10,-1,-3,1,3,2,1,28657.5,14490.0,14167.5,1.81
24,10,-10,10,-10,-1,-3,1,3,2,2,27257.5,14490.0,12767.5,1.79
25,10,-10,10,-10,-1,-3,2,2,1,1,29964.5,14490.0,15474.5,1.9
26,10,-10,10,-10,-1,-3,2,2,1,2,28564.5,14490.0,14074.5,1.91
27,10,-10,10,-10,-1,-3,2,2,2,1,28657.5,14490.0,14167.5,1.8
28,10,-10,10,-10,-1,-3,2,2,2,2,27257.5,14490.0,12767.5,1.82
29,10,-10,10,-10,-1,-3,2,3,1,1,29964.5,14490.0,15474.5,2.05
30,10,-10,10,-10,-1,-3,2,3,1,2,28564.5,14490.0,14074.5,1.85
31,10,-10,10,-10,-1,-3,2,3,2,1,28657.5,14490.0,14167.5,1.78
32,10,-10,10,-10,-1,-3,2,3,2,2,27257.5,14490.0,12767.5,1.83
33,10,-10,10,-10,-2,-2,1,2,1,1,29964.5,14490.0,15474.5,1.84
34,10,-10,10,-10,-2,-2,1,2,1,2,28564.5,14490.0,14074.5,2.16
35,10,-10,10,-10,-2,-2,1,2,2,1,28657.5,14490.0,14167.5,1.83
36,10,-10,10,-10,-2,-2,1,2,2,2,27257.5,14490.0,12767.5,1.77
37,10,-10,10,-10,-2,-2,1,3,1,1,29964.5,14490.0,15474.5,1.78
38,10,-10,10,-10,-2,-2,1,3,1,2,28564.5,14490.0,14074.5,1.81
39,10,-10,10,-10,-2,-2,1,3,2,1,28657.5,14490.0,14167.5,1.83
40,10,-10,10,-10,-2,-2,1,3,2,2,27257.5,14490.0,12767.5,2.0
41,10,-10,10,-10,-2,-2,2,2,1,1,29964.5,14490.0,15474.5,1.8
42,10,-10,10,-10,-2,-2,2,2,1,2,28564.5,14490.0,14074.5,2.08
43,10,-10,10,-10,-2,-2,2,2,2,1,28657.5,14490.0,14167.5,1.79
44,10,-10,10,-10,-2,-2,2,2,2,2,27257.5,14490.0,12767.5,1.8
45,10,-10,10,-10,-2,-2,2,3,1,1,29964.5,14490.0,15474.5,1.78
46,10,-10,10,-10,-2,-2,2,3,1,2,28564.5,14490.0,14074.5,1.77
47,10,-10,10,-10,-2,-2,2,3,2,1,28657.5,14490.0,14167.5,1.76
48,10,-10,10,-10,-2,-2,2,3,2,2,27257.5,14490.0,12767.5,1.78
49,10,-10,10,-10,-2,-3,1,2,1,1,29964.5,14490.0,15474.5,1.75
50,10,-10,10,-10,-2,-3,1,2,1,2,28564.5,14490.0,14074.5,1.78
51,10,-10,10,-10,-2,-3,1,2,2,1,28657.5,14490.0,14167.5,1.93
52,10,-10,10,-10,-2,-3,1,2,2,2,27257.5,14490.0,12767.5,1.84
53,10,-10,10,-10,-2,-3,1,3,1,1,29964.5,14490.0,15474.5,1.81
54,10,-10,10,-10,-2,-3,1,3,1,2,28564.5,14490.0,14074.5,1.8
55,10,-10,10,-10,-2,-3,1,3,2,1,28657.5,14490.0,14167.5,1.8
56,10,-10,10,-10,-2,-3,1,3,2,2,27257.5,14490.0,12767.5,1.77
57,10,-10,10,-10,-2,-3,2,2,1,1,29964.5,14490.0,15474.5,1.77
58,10,-10,10,-10,-2,-3,2,2,1,2,28564.5,14490.0,14074.5,1.76
59,10,-10,10,-10,-2,-3,2,2,2,1,28657.5,14490.0,14167.5,1.78
60,10,-10,10,-10,-2,-3,2,2,2,2,27257.5,14490.0,12767.5,1.78
61,10,-10,10,-10,-2,-3,2,3,1,1,29964.5,14490.0,15474.5,1.82
62,10,-10,10,-10,-2,-3,2,3,1,2,28564.5,14490.0,14074.5,1.91
63,10,-10,10,-10,-2,-3,2,3,2,1,28657.5,14490.0,14167.5,1.85
64,10,-10,10,-10,-2,-3,2,3,2,2,27257.5,14490.0,12767.5,2.02
65,10,-10,10,-20,-1,-2,1,2,1,1,30045.5,14490.0,15555.5,1.82
66,10,-10,10,-20,-1,-2,1,2,1,2,28645.5,14490.0,14155.5,1.9
67,10,-10,10,-20,-1,-2,1,2,2,1,28738.5,14490.0,14248.5,1.81
68,10,-10,10,-20,-1,-2,1,2,2,2,27338.5,14490.0,12848.5,1.78
69,10,-10,10,-20,-1,-2,1,3,1,1,30045.5,14490.0,15555.5,1.84
70,10,-10,10,-20,-1,-2,1,3,1,2,28645.5,14490.0,14155.5,1.9
71,10,-10,10,-20,-1,-2,1,3,2,1,28738.5,14490.0,14248.5,1.91
72,10,-10,10,-20,-1,-2,1,3,2,2,27338.5,14490.0,12848.5,2.23
73,10,-10,10,-20,-1,-2,2,2,1,1,30045.5,14490.0,15555.5,2.0
74,10,-10,10,-20,-1,-2,2,2,1,2,28645.5,14490.0,14155.5,1.88
75,10,-10,10,-20,-1,-2,2,2,2,1,28738.5,14490.0,14248.5,2.02
76,10,-10,10,-20,-1,-2,2,2,2,2,27338.5,14490.0,12848.5,1.79
77,10,-10,10,-20,-1,-2,2,3,1,1,30045.5,14490.0,15555.5,1.79
78,10,-10,10,-20,-1,-2,2,3,1,2,28645.5,14490.0,14155.5,1.8
79,10,-10,10,-20,-1,-2,2,3,2,1,28738.5,14490.0,14248.5,1.8
80,10,-10,10,-20,-1,-2,2,3,2,2,27338.5,14490.0,12848.5,1.79
81,10,-10,10,-20,-1,-3,1,2,1,1,30045.5,14490.0,15555.5,1.75
82,10,-10,10,-20,-1,-3,1,2,1,2,28645.5,14490.0,14155.5,1.76
83,10,-10,10,-20,-1,-3,1,2,2,1,28738.5,14490.0,14248.5,1.77
84,10,-10,10,-20,-1,-3,1,2,2,2,27338.5,14490.0,12848.5,1.88
85,10,-10,10,-20,-1,-3,1,3,1,1,30045.5,14490.0,15555.5,1.81
86,10,-10,10,-20,-1,-3,1,3,1,2,28645.5,14490.0,14155.5,1.8
87,10,-10,10,-20,-1,-3,1,3,2,1,28738.5,14490.0,14248.5,1.77
88,10,-10,10,-20,-1,-3,1,3,2,2,27338.5,14490.0,12848.5,1.94
89,10,-10,10,-20,-1,-3,2,2,1,1,30045.5,14490.0,15555.5,1.81
90,10,-10,10,-20,-1,-3,2,2,1,2,28645.5,14490.0,14155.5,1.8
91,10,-10,10,-20,-1,-3,2,2,2,1,28738.5,14490.0,14248.5,1.78
92,10,-10,10,-20,-1,-3,2,2,2,2,27338.5,14490.0,12848.5,1.77
93,10,-10,10,-20,-1,-3,2,3,1,1,30045.5,14490.0,15555.5,1.78
94,10,-10,10,-20,-1,-3,2,3,1,2,28645.5,14490.0,14155.5,1.78
95,10,-10,10,-20,-1,-3,2,3,2,1,28738.5,14490.0,14248.5,1.77
96,10,-10,10,-20,-1,-3,2,3,2,2,27338.5,14490.0,12848.5,1.76
97,10,-10,10,-20,-2,-2,1,2,1,1,30045.5,14490.0,15555.5,1.79
98,10,-10,10,-20,-2,-2,1,2,1,2,28645.5,14490.0,14155.5,1.81
99,10,-10,10,-20,-2,-2,1,2,2,1,28738.5,14490.0,14248.5,2.19
100,10,-10,10,-20,-2,-2,1,2,2,2,27338.5,14490.0,12848.5,1.94
101,10,-10,10,-20,-2,-2,1,3,1,1,30045.5,14490.0,15555.5,1.82
102,10,-10,10,-20,-2,-2,1,3,1,2,28645.5,14490.0,14155.5,1.92
103,10,-10,10,-20,-2,-2,1,3,2,1,28738.5,14490.0,14248.5,1.84
104,10,-10,10,-20,-2,-2,1,3,2,2,27338.5,14490.0,12848.5,1.79
105,10,-10,10,-20,-2,-2,2,2,1,1,30045.5,14490.0,15555.5,1.79
106,10,-10,10,-20,-2,-2,2,2,1,2,28645.5,14490.0,14155.5,1.87
107,10,-10,10,-20,-2,-2,2,2,2,1,28738.5,14490.0,14248.5,2.06
108,10,-10,10,-20,-2,-2,2,2,2,2,27338.5,14490.0,12848.5,1.93
109,10,-10,10,-20,-2,-2,2,3,1,1,30045.5,14490.0,15555.5,1.88
110,10,-10,10,-20,-2,-2,2,3,1,2,28645.5,14490.0,14155.5,2.09
111,10,-10,10,-20,-2,-2,2,3,2,1,28738.5,14490.0,14248.5,1.91
112,10,-10,10,-20,-2,-2,2,3,2,2,27338.5,14490.0,12848.5,1.89
113,10,-10,10,-20,-2,-3,1,2,1,1,30045.5,14490.0,15555.5,1.79
114,10,-10,10,-20,-2,-3,1,2,1,2,28645.5,14490.0,14155.5,1.78
115,10,-10,10,-20,-2,-3,1,2,2,1,28738.5,14490.0,14248.5,1.77
116,10,-10,10,-20,-2,-3,1,2,2,2,27338.5,14490.0,12848.5,1.83
117,10,-10,10,-20,-2,-3,1,3,1,1,30045.5,14490.0,15555.5,2.01
118,10,-10,10,-20,-2,-3,1,3,1,2,28645.5,14490.0,14155.5,1.87
119,10,-10,10,-20,-2,-3,1,3,2,1,28738.5,14490.0,14248.5,1.84
120,10,-10,10,-20,-2,-3,1,3,2,2,27338.5,14490.0,12848.5,1.87
121,10,-10,10,-20,-2,-3,2,2,1,1,30045.5,14490.0,15555.5,1.82
122,10,-10,10,-20,-2,-3,2,2,1,2,28645.5,14490.0,14155.5,1.81
123,10,-10,10,-20,-2,-3,2,2,2,1,28738.5,14490.0,14248.5,1.82
124,10,-10,10,-20,-2,-3,2,2,2,2,27338.5,14490.0,12848.5,1.8
125,10,-10,10,-20,-2,-3,2,3,1,1,30045.5,14490.0,15555.5,1.99
126,10,-10,10,-20,-2,-3,2,3,1,2,28645.5,14490.0,14155.5,1.86
127,10,-10,10,-20,-2,-3,2,3,2,1,28738.5,14490.0,14248.5,2.1
128,10,-10,10,-20,-2,-3,2,3,2,2,27338.5,14490.0,12848.5,1.98
129,10,-10,20,-10,-1,-2,1,2,1,1,30523.5,14490.0,16033.5,2.11
130,10,-10,20,-10,-1,-2,1,2,1,2,29121.5,14490.0,14631.5,1.96
131,10,-10,20,-10,-1,-2,1,2,2,1,29211.5,14490.0,14721.5,2.21
132,10,-10,20,-10,-1,-2,1,2,2,2,27809.5,14490.0,13319.5,2.13
133,10,-10,20,-10,-1,-2,1,3,1,1,30523.5,14490.0,16033.5,1.89
134,10,-10,20,-10,-1,-2,1,3,1,2,29121.5,14490.0,14631.5,1.88
135,10,-10,20,-10,-1,-2,1,3,2,1,29211.5,14490.0,14721.5,2.12
136,10,-10,20,-10,-1,-2,1,3,2,2,27809.5,14490.0,13319.5,2.0
137,10,-10,20,-10,-1,-2,2,2,1,1,30523.5,14490.0,16033.5,1.85
138,10,-10,20,-10,-1,-2,2,2,1,2,29121.5,14490.0,14631.5,1.83
139,10,-10,20,-10,-1,-2,2,2,2,1,29211.5,14490.0,14721.5,1.97
140,10,-10,20,-10,-1,-2,2,2,2,2,27809.5,14490.0,13319.5,1.98
141,10,-10,20,-10,-1,-2,2,3,1,1,30523.5,14490.0,16033.5,2.0
142,10,-10,20,-10,-1,-2,2,3,1,2,29121.5,14490.0,14631.5,1.95
143,10,-10,20,-10,-1,-2,2,3,2,1,29211.5,14490.0,14721.5,1.79
144,10,-10,20,-10,-1,-2,2,3,2,2,27809.5,14490.0,13319.5,1.81
145,10,-10,20,-10,-1,-3,1,2,1,1,30523.5,14490.0,16033.5,1.77
146,10,-10,20,-10,-1,-3,1,2,1,2,29121.5,14490.0,14631.5,1.89
147,10,-10,20,-10,-1,-3,1,2,2,1,29211.5,14490.0,14721.5,1.78
148,10,-10,20,-10,-1,-3,1,2,2,2,27809.5,14490.0,13319.5,1.81
149,10,-10,20,-10,-1,-3,1,3,1,1,30523.5,14490.0,16033.5,1.79
150,10,-10,20,-10,-1,-3,1,3,1,2,29121.5,14490.0,14631.5,2.04
151,10,-10,20,-10,-1,-3,1,3,2,1,29211.5,14490.0,14721.5,1.9
152,10,-10,20,-10,-1,-3,1,3,2,2,27809.5,14490.0,13319.5,1.99
153,10,-10,20,-10,-1,-3,2,2,1,1,30523.5,14490.0,16033.5,1.78
154,10,-10,20,-10,-1,-3,2,2,1,2,29121.5,14490.0,14631.5,1.77
155,10,-10,20,-10,-1,-3,2,2,2,1,29211.5,14490.0,14721.5,1.79
156,10,-10,20,-10,-1,-3,2,2,2,2,27809.5,14490.0,13319.5,1.79
157,10,-10,20,-10,-1,-3,2,3,1,1,30523.5,14490.0,16033.5,1.88
158,10,-10,20,-10,-1,-3,2,3,1,2,29121.5,14490.0,14631.5,1.76
159,10,-10,20,-10,-1,-3,2,3,2,1,29211.5,14490.0,14721.5,1.77
160,10,-10,20,-10,-1,-3,2,3,2,2,27809.5,14490.0,13319.5,1.79
161,10,-10,20,-10,-2,-2,1,2,1,1,30523.5,14490.0,16033.5,1.8
162,10,-10,20,-10,-2,-2,1,2,1,2,29121.5,14490.0,14631.5,1.8
163,10,-10,20,-10,-2,-2,1,2,2,1,29211.5,14490.0,14721.5,1.76
164,10,-10,20,-10,-2,-2,1,2,2,2,27809.5,14490.0,13319.5,1.79
165,10,-10,20,-10,-2,-2,1,3,1,1,30523.5,14490.0,16033.5,1.79
166,10,-10,20,-10,-2,-2,1,3,1,2,29121.5,14490.0,14631.5,1.8
167,10,-10,20,-10,-2,-2,1,3,2,1,29211.5,14490.0,14721.5,1.92
168,10,-10,20,-10,-2,-2,1,3,2,2,27809.5,14490.0,13319.5,1.83
169,10,-10,20,-10,-2,-2,2,2,1,1,30523.5,14490.0,16033.5,1.79
170,10,-10,20,-10,-2,-2,2,2,1,2,29121.5,14490.0,14631.5,1.76
171,10,-10,20,-10,-2,-2,2,2,2,1,29211.5,14490.0,14721.5,1.79
172,10,-10,20,-10,-2,-2,2,2,2,2,27809.5,14490.0,13319.5,1.77
173,10,-10,20,-10,-2,-2,2,3,1,1,30523.5,14490.0,16033.5,1.79
174,10,-10,20,-10,-2,-2,2,3,1,2,29121.5,14490.0,14631.5,2.06
175,10,-10,20,-10,-2,-2,2,3,2,1,29211.5,14490.0,14721.5,1.87
176,10,-10,20,-10,-2,-2,2,3,2,2,27809.5,14490.0,13319.5,2.09
177,10,-10,20,-10,-2,-3,1,2,1,1,30523.5,14490.0,16033.5,1.84
178,10,-10,20,-10,-2,-3,1,2,1,2,29121.5,14490.0,14631.5,1.81
179,10,-10,20,-10,-2,-3,1,2,2,1,29211.5,14490.0,14721.5,1.81
180,10,-10,20,-10,-2,-3,1,2,2,2,27809.5,14490.0,13319.5,1.98
181,10,-10,20,-10,-2,-3,1,3,1,1,30523.5,14490.0,16033.5,1.8
182,10,-10,20,-10,-2,-3,1,3,1,2,29121.5,14490.0,14631.5,1.81
183,10,-10,20,-10,-2,-3,1,3,2,1,29211.5,14490.0,14721.5,1.95
184,10,-10,20,-10,-2,-3,1,3,2,2,27809.5,14490.0,13319.5,1.93
185,10,-10,20,-10,-2,-3,2,2,1,1,30523.5,14490.0,16033.5,1.85
186,10,-10,20,-10,-2,-3,2,2,1,2,29121.5,14490.0,14631.5,1.78
187,10,-10,20,-10,-2,-3,2,2,2,1,29211.5,14490.0,14721.5,1.8
188,10,-10,20,-10,-2,-3,2,2,2,2,27809.5,14490.0,13319.5,1.99
189,10,-10,20,-10,-2,-3,2,3,1,1,30523.5,14490.0,16033.5,1.87
190,10,-10,20,-10,-2,-3,2,3,1,2,29121.5,14490.0,14631.5,1.78
191,10,-10,20,-10,-2,-3,2,3,2,1,29211.5,14490.0,14721.5,1.9
192,10,-10,20,-10,-2,-3,2,3,2,2,27809.5,14490.0,13319.5,1.96
193,10,-10,20,-20,-1,-2,1,2,1,1,30526.5,14490.0,16036.5,1.83
194,10,-10,20,-20,-1,-2,1,2,1,2,29124.5,14490.0,14634.5,1.76
195,10,-10,20,-20,-1,-2,1,2,2,1,29219.5,14490.0,14729.5,1.79
196,10,-10,20,-20,-1,-2,1,2,2,2,27817.5,14490.0,13327.5,1.96
197,10,-10,20,-20,-1,-2,1,3,1,1,30526.5,14490.0,16036.5,1.87
198,10,-10,20,-20,-1,-2,1,3,1,2,29124.5,14490.0,14634.5,1.81
199,10,-10,20,-20,-1,-2,1,3,2,1,29219.5,14490.0,14729.5,1.77
200,10,-10,20,-20,-1,-2,1,3,2,2,27817.5,14490.0,13327.5,1.76
201,10,-10,20,-20,-1,-2,2,2,1,1,30526.5,14490.0,16036.5,1.76
202,10,-10,20,-20,-1,-2,2,2,1,2,29124.5,14490.0,14634.5,1.85
203,10,-10,20,-20,-1,-2,2,2,2,1,29219.5,14490.0,14729.5,1.77
204,10,-10,20,-20,-1,-2,2,2,2,2,27817.5,14490.0,13327.5,1.78
205,10,-10,20,-20,-1,-2,2,3,1,1,30526.5,14490.0,16036.5,1.79
206,10,-10,20,-20,-1,-2,2,3,1,2,29124.5,14490.0,14634.5,1.77
207,10,-10,20,-20,-1,-2,2,3,2,1,29219.5,14490.0,14729.5,1.79
208,10,-10,20,-20,-1,-2,2,3,2,2,27817.5,14490.0,13327.5,1.83
209,10,-10,20,-20,-1,-3,1,2,1,1,30526.5,14490.0,16036.5,2.05
210,10,-10,20,-20,-1,-3,1,2,1,2,29124.5,14490.0,14634.5,2.39
211,10,-10,20,-20,-1,-3,1,2,2,1,29219.5,14490.0,14729.5,2.28
212,10,-10,20,-20,-1,-3,1,2,2,2,27817.5,14490.0,13327.5,2.3
213,10,-10,20,-20,-1,-3,1,3,1,1,30526.5,14490.0,16036.5,2.08
214,10,-10,20,-20,-1,-3,1,3,1,2,29124.5,14490.0,14634.5,1.82
215,10,-10,20,-20,-1,-3,1,3,2,1,29219.5,14490.0,14729.5,1.78
216,10,-10,20,-20,-1,-3,1,3,2,2,27817.5,14490.0,13327.5,1.83
217,10,-10,20,-20,-1,-3,2,2,1,1,30526.5,14490.0,16036.5,1.8
218,10,-10,20,-20,-1,-3,2,2,1,2,29124.5,14490.0,14634.5,1.95
219,10,-10,20,-20,-1,-3,2,2,2,1,29219.5,14490.0,14729.5,1.82
220,10,-10,20,-20,-1,-3,2,2,2,2,27817.5,14490.0,13327.5,1.85
221,10,-10,20,-20,-1,-3,2,3,1,1,30526.5,14490.0,16036.5,1.81
222,10,-10,20,-20,-1,-3,2,3,1,2,29124.5,14490.0,14634.5,1.86
223,10,-10,20,-20,-1,-3,2,3,2,1,29219.5,14490.0,14729.5,1.84
224,10,-10,20,-20,-1,-3,2,3,2,2,27817.5,14490.0,13327.5,2.08
225,10,-10,20,-20,-2,-2,1,2,1,1,30526.5,14490.0,16036.5,1.84
226,10,-10,20,-20,-2,-2,1,2,1,2,29124.5,14490.0,14634.5,1.83
227,10,-10,20,-20,-2,-2,1,2,2,1,29219.5,14490.0,14729.5,1.92
228,10,-10,20,-20,-2,-2,1,2,2,2,27817.5,14490.0,13327.5,1.87
229,10,-10,20,-20,-2,-2,1,3,1,1,30526.5,14490.0,16036.5,2.08
230,10,-10,20,-20,-2,-2,1,3,1,2,29124.5,14490.0,14634.5,1.8
231,10,-10,20,-20,-2,-2,1,3,2,1,29219.5,14490.0,14729.5,1.78
232,10,-10,20,-20,-2,-2,1,3,2,2,27817.5,14490.0,13327.5,1.77
233,10,-10,20,-20,-2,-2,2,2,1,1,30526.5,14490.0,16036.5,1.78
234,10,-10,20,-20,-2,-2,2,2,1,2,29124.5,14490.0,14634.5,1.76
235,10,-10,20,-20,-2,-2,2,2,2,1,29219.5,14490.0,14729.5,1.77
236,10,-10,20,-20,-2,-2,2,2,2,2,27817.5,14490.0,13327.5,1.78
237,10,-10,20,-20,-2,-2,2,3,1,1,30526.5,14490.0,16036.5,1.77
238,10,-10,20,-20,-2,-2,2,3,1,2,29124.5,14490.0,14634.5,1.77
239,10,-10,20,-20,-2,-2,2,3,2,1,29219.5,14490.0,14729.5,1.77
240,10,-10,20,-20,-2,-2,2,3,2,2,27817.5,14490.0,13327.5,1.92
241,10,-10,20,-20,-2,-3,1,2,1,1,30526.5,14490.0,16036.5,1.77
242,10,-10,20,-20,-2,-3,1,2,1,2,29124.5,14490.0,14634.5,1.79
243,10,-10,20,-20,-2,-3,1,2,2,1,29219.5,14490.0,14729.5,1.76
244,10,-10,20,-20,-2,-3,1,2,2,2,27817.5,14490.0,13327.5,1.82
245,10,-10,20,-20,-2,-3,1,3,1,1,30526.5,14490.0,16036.5,1.78
246,10,-10,20,-20,-2,-3,1,3,1,2,29124.5,14490.0,14634.5,1.77
247,10,-10,20,-20,-2,-3,1,3,2,1,29219.5,14490.0,14729.5,1.76
248,10,-10,20,-20,-2,-3,1,3,2,2,27817.5,14490.0,13327.5,1.8
249,10,-10,20,-20,-2,-3,2,2,1,1,30526.5,14490.0,16036.5,1.78
250,10,-10,20,-20,-2,-3,2,2,1,2,29124.5,14490.0,14634.5,1.78
251,10,-10,20,-20,-2,-3,2,2,2,1,29219.5,14490.0,14729.5,1.76
252,10,-10,20,-20,-2,-3,2,2,2,2,27817.5,14490.0,13327.5,1.79
253,10,-10,20,-20,-2,-3,2,3,1,1,30526.5,14490.0,16036.5,1.78
254,10,-10,20,-20,-2,-3,2,3,1,2,29124.5,14490.0,14634.5,1.92
255,10,-10,20,-20,-2,-3,2,3,2,1,29219.5,14490.0,14729.5,2.12
256,10,-10,20,-20,-2,-3,2,3,2,2,27817.5,14490.0,13327.5,2.08
257,10,-20,10,-10,-1,-2,1,2,1,1,30485.5,14490.0,15995.5,1.81
258,10,-20,10,-10,-1,-2,1,2,1,2,29083.5,14490.0,14593.5,2.0
259,10,-20,10,-10,-1,-2,1,2,2,1,29173.5,14490.0,14683.5,1.81
260,10,-20,10,-10,-1,-2,1,2,2,2,27771.5,14490.0,13281.5,1.86
261,10,-20,10,-10,-1,-2,1,3,1,1,30485.5,14490.0,15995.5,1.78
262,10,-20,10,-10,-1,-2,1,3,1,2,29083.5,14490.0,14593.5,1.76
263,10,-20,10,-10,-1,-2,1,3,2,1,29173.5,14490.0,14683.5,1.74
264,10,-20,10,-10,-1,-2,1,3,2,2,27771.5,14490.0,13281.5,1.78
265,10,-20,10,-10,-1,-2,2,2,1,1,30485.5,14490.0,15995.5,1.78
266,10,-20,10,-10,-1,-2,2,2,1,2,29083.5,14490.0,14593.5,1.76
267,10,-20,10,-10,-1,-2,2,2,2,1,29173.5,14490.0,14683.5,1.76
268,10,-20,10,-10,-1,-2,2,2,2,2,27771.5,14490.0,13281.5,1.77
269,10,-20,10,-10,-1,-2,2,3,1,1,30485.5,14490.0,15995.5,1.91
270,10,-20,10,-10,-1,-2,2,3,1,2,29083.5,14490.0,14593.5,1.75
271,10,-20,10,-10,-1,-2,2,3,2,1,29173.5,14490.0,14683.5,1.77
272,10,-20,10,-10,-1,-2,2,3,2,2,27771.5,14490.0,13281.5,1.8
273,10,-20,10,-10,-1,-3,1,2,1,1,30485.5,14490.0,15995.5,1.81
274,10,-20,10,-10,-1,-3,1,2,1,2,29083.5,14490.0,14593.5,1.86
275,10,-20,10,-10,-1,-3,1,2,2,1,29173.5,14490.0,14683.5,1.82
276,10,-20,10,-10,-1,-3,1,2,2,2,27771.5,14490.0,13281.5,1.79
277,10,-20,10,-10,-1,-3,1,3,1,1,30485.5,14490.0,15995.5,1.84
278,10,-20,10,-10,-1,-3,1,3,1,2,29083.5,14490.0,14593.5,1.81
279,10,-20,10,-10,-1,-3,1,3,2,1,29173.5,14490.0,14683.5,1.92
280,10,-20,10,-10,-1,-3,1,3,2,2,27771.5,14490.0,13281.5,1.75
281,10,-20,10,-10,-1,-3,2,2,1,1,30485.5,14490.0,15995.5,1.79
282,10,-20,10,-10,-1,-3,2,2,1,2,29083.5,14490.0,14593.5,1.79
283,10,-20,10,-10,-1,-3,2,2,2,1,29173.5,14490.0,14683.5,1.81
284,10,-20,10,-10,-1,-3,2,2,2,2,27771.5,14490.0,13281.5,2.15
285,10,-20,10,-10,-1,-3,2,3,1,1,30485.5,14490.0,15995.5,1.94
286,10,-20,10,-10,-1,-3,2,3,1,2,29083.5,14490.0,14593.5,1.96
287,10,-20,10,-10,-1,-3,2,3,2,1,29173.5,14490.0,14683.5,1.88
288,10,-20,10,-10,-1,-3,2,3,2,2,27771.5,14490.0,13281.5,1.89
289,10,-20,10,-10,-2,-2,1,2,1,1,30485.5,14490.0,15995.5,1.96
290,10,-20,10,-10,-2,-2,1,2,1,2,29083.5,14490.0,14593.5,1.8
291,10,-20,10,-10,-2,-2,1,2,2,1,29173.5,14490.0,14683.5,1.83
292,10,-20,10,-10,-2,-2,1,2,2,2,27771.5,14490.0,13281.5,1.93
293,10,-20,10,-10,-2,-2,1,3,1,1,30485.5,14490.0,15995.5,1.82
294,10,-20,10,-10,-2,-2,1,3,1,2,29083.5,14490.0,14593.5,1.86
295,10,-20,10,-10,-2,-2,1,3,2,1,29173.5,14490.0,14683.5,1.83
296,10,-20,10,-10,-2,-2,1,3,2,2,27771.5,14490.0,13281.5,1.8
297,10,-20,10,-10,-2,-2,2,2,1,1,30485.5,14490.0,15995.5,1.87
298,10,-20,10,-10,-2,-2,2,2,1,2,29083.5,14490.0,14593.5,1.81
299,10,-20,10,-10,-2,-2,2,2,2,1,29173.5,14490.0,14683.5,1.8
300,10,-20,10,-10,-2,-2,2,2,2,2,27771.5,14490.0,13281.5,1.8
301,10,-20,10,-10,-2,-2,2,3,1,1,30485.5,14490.0,15995.5,1.92
302,10,-20,10,-10,-2,-2,2,3,1,2,29083.5,14490.0,14593.5,1.78
303,10,-20,10,-10,-2,-2,2,3,2,1,29173.5,14490.0,14683.5,1.81
304,10,-20,10,-10,-2,-2,2,3,2,2,27771.5,14490.0,13281.5,1.75
305,10,-20,10,-10,-2,-3,1,2,1,1,30485.5,14490.0,15995.5,1.77
306,10,-20,10,-10,-2,-3,1,2,1,2,29083.5,14490.0,14593.5,1.83
307,10,-20,10,-10,-2,-3,1,2,2,1,29173.5,14490.0,14683.5,1.9
308,10,-20,10,-10,-2,-3,1,2,2,2,27771.5,14490.0,13281.5,1.8
309,10,-20,10,-10,-2,-3,1,3,1,1,30485.5,14490.0,15995.5,2.02
310,10,-20,10,-10,-2,-3,1,3,1,2,29083.5,14490.0,14593.5,1.79
311,10,-20,10,-10,-2,-3,1,3,2,1,29173.5,14490.0,14683.5,1.74
312,10,-20,10,-10,-2,-3,1,3,2,2,27771.5,14490.0,13281.5,1.79
313,10,-20,10,-10,-2,-3,2,2,1,1,30485.5,14490.0,15995.5,1.78
314,10,-20,10,-10,-2,-3,2,2,1,2,29083.5,14490.0,14593.5,1.84
315,10,-20,10,-10,-2,-3,2,2,2,1,29173.5,14490.0,14683.5,2.0
316,10,-20,10,-10,-2,-3,2,2,2,2,27771.5,14490.0,13281.5,1.8
317,10,-20,10,-10,-2,-3,2,3,1,1,30485.5,14490.0,15995.5,1.84
318,10,-20,10,-10,-2,-3,2,3,1,2,29083.5,14490.0,14593.5,1.96
319,10,-20,10,-10,-2,-3,2,3,2,1,29173.5,14490.0,14683.5,1.97
320,10,-20,10,-10,-2,-3,2,3,2,2,27771.5,14490.0,13281.5,1.78
321,10,-20,10,-20,-1,-2,1,2,1,1,30468.5,14490.0,15978.5,1.77
322,10,-20,10,-20,-1,-2,1,2,1,2,29066.5,14490.0,14576.5,1.79
323,10,-20,10,-20,-1,-2,1,2,2,1,29161.5,14490.0,14671.5,1.76
324,10,-20,10,-20,-1,-2,1,2,2,2,27759.5,14490.0,13269.5,1.78
325,10,-20,10,-20,-1,-2,1,3,1,1,30468.5,14490.0,15978.5,1.79
326,10,-20,10,-20,-1,-2,1,3,1,2,29066.5,14490.0,14576.5,1.79
327,10,-20,10,-20,-1,-2,1,3,2,1,29161.5,14490.0,14671.5,1.79
328,10,-20,10,-20,-1,-2,1,3,2,2,27759.5,14490.0,13269.5,1.87
329,10,-20,10,-20,-1,-2,2,2,1,1,30468.5,14490.0,15978.5,1.8
330,10,-20,10,-20,-1,-2,2,2,1,2,29066.5,14490.0,14576.5,1.78
331,10,-20,10,-20,-1,-2,2,2,2,1,29161.5,14490.0,14671.5,1.78
332,10,-20,10,-20,-1,-2,2,2,2,2,27759.5,14490.0,13269.5,1.79
333,10,-20,10,-20,-1,-2,2,3,1,1,30468.5,14490.0,15978.5,1.75
334,10,-20,10,-20,-1,-2,2,3,1,2,29066.5,14490.0,14576.5,1.74
335,10,-20,10,-20,-1,-2,2,3,2,1,29161.5,14490.0,14671.5,1.76
336,10,-20,10,-20,-1,-2,2,3,2,2,27759.5,14490.0,13269.5,1.76
337,10,-20,10,-20,-1,-3,1,2,1,1,30468.5,14490.0,15978.5,1.76
338,10,-20,10,-20,-1,-3,1,2,1,2,29066.5,14490.0,14576.5,1.77
339,10,-20,10,-20,-1,-3,1,2,2,1,29161.5,14490.0,14671.5,1.76
340,10,-20,10,-20,-1,-3,1,2,2,2,27759.5,14490.0,13269.5,1.79
341,10,-20,10,-20,-1,-3,1,3,1,1,30468.5,14490.0,15978.5,1.77
342,10,-20,10,-20,-1,-3,1,3,1,2,29066.5,14490.0,14576.5,1.78
343,10,-20,10,-20,-1,-3,1,3,2,1,29161.5,14490.0,14671.5,1.9
344,10,-20,10,-20,-1,-3,1,3,2,2,27759.5,14490.0,13269.5,1.78
345,10,-20,10,-20,-1,-3,2,2,1,1,30468.5,14490.0,15978.5,1.76
346,10,-20,10,-20,-1,-3,2,2,1,2,29066.5,14490.0,14576.5,1.77
347,10,-20,10,-20,-1,-3,2,2,2,1,29161.5,14490.0,14671.5,1.74
348,10,-20,10,-20,-1,-3,2,2,2,2,27759.5,14490.0,13269.5,1.75
349,10,-20,10,-20,-1,-3,2,3,1,1,30468.5,14490.0,15978.5,1.78
350,10,-20,10,-20,-1,-3,2,3,1,2,29066.5,14490.0,14576.5,1.76
351,10,-20,10,-20,-1,-3,2,3,2,1,29161.5,14490.0,14671.5,1.77
352,10,-20,10,-20,-1,-3,2,3,2,2,27759.5,14490.0,13269.5,1.75
353,10,-20,10,-20,-2,-2,1,2,1,1,30468.5,14490.0,15978.5,1.75
354,10,-20,10,-20,-2,-2,1,2,1,2,29066.5,14490.0,14576.5,1.76
355,10,-20,10,-20,-2,-2,1,2,2,1,29161.5,14490.0,14671.5,1.76
356,10,-20,10,-20,-2,-2,1,2,2,2,27759.5,14490.0,13269.5,1.75
357,10,-20,10,-20,-2,-2,1,3,1,1,30468.5,14490.0,15978.5,1.74
358,10,-20,10,-20,-2,-2,1,3,1,2,29066.5,14490.0,14576.5,1.76
359,10,-20,10,-20,-2,-2,1,3,2,1,29161.5,14490.0,14671.5,1.91
360,10,-20,10,-20,-2,-2,1,3,2,2,27759.5,14490.0,13269.5,1.77
361,10,-20,10,-20,-2,-2,2,2,1,1,30468.5,14490.0,15978.5,1.74
362,10,-20,10,-20,-2,-2,2,2,1,2,29066.5,14490.0,14576.5,1.78
363,10,-20,10,-20,-2,-2,2,2,2,1,29161.5,14490.0,14671.5,1.8
364,10,-20,10,-20,-2,-2,2,2,2,2,27759.5,14490.0,13269.5,1.8
365,10,-20,10,-20,-2,-2,2,3,1,1,30468.5,14490.0,15978.5,2.11
366,10,-20,10,-20,-2,-2,2,3,1,2,29066.5,14490.0,14576.5,1.82
367,10,-20,10,-20,-2,-2,2,3,2,1,29161.5,14490.0,14671.5,1.93
368,10,-20,10,-20,-2,-2,2,3,2,2,27759.5,14490.0,13269.5,1.79
369,10,-20,10,-20,-2,-3,1,2,1,1,30468.5,14490.0,15978.5,1.98
370,10,-20,10,-20,-2,-3,1,2,1,2,29066.5,14490.0,14576.5,2.04
371,10,-20,10,-20,-2,-3,1,2,2,1,29161.5,14490.0,14671.5,1.89
372,10,-20,10,-20,-2,-3,1,2,2,2,27759.5,14490.0,13269.5,2.12
373,10,-20,10,-20,-2,-3,1,3,1,1,30468.5,14490.0,15978.5,1.95
374,10,-20,10,-20,-2,-3,1,3,1,2,29066.5,14490.0,14576.5,1.99
375,10,-20,10,-20,-2,-3,1,3,2,1,29161.5,14490.0,14671.5,1.77
376,10,-20,10,-20,-2,-3,1,3,2,2,27759.5,14490.0,13269.5,1.77
377,10,-20,10,-20,-2,-3,2,2,1,1,30468.5,14490.0,15978.5,1.76
378,10,-20,10,-20,-2,-3,2,2,1,2,29066.5,14490.0,14576.5,1.74
379,10,-20,10,-20,-2,-3,2,2,2,1,29161.5,14490.0,14671.5,1.78
380,10,-20,10,-20,-2,-3,2,2,2,2,27759.5,14490.0,13269.5,1.94
381,10,-20,10,-20,-2,-3,2,3,1,1,30468.5,14490.0,15978.5,1.91
382,10,-20,10,-20,-2,-3,2,3,1,2,29066.5,14490.0,14576.5,1.77
383,10,-20,10,-20,-2,-3,2,3,2,1,29161.5,14490.0,14671.5,1.93
384,10,-20,10,-20,-2,-3,2,3,2,2,27759.5,14490.0,13269.5,1.76
385,10,-20,20,-10,-1,-2,1,2,1,1,30471.0,14490.0,15981.0,1.78
386,10,-20,20,-10,-1,-2,1,2,1,2,29071.0,14490.0,14581.0,1.8
387,10,-20,20,-10,-1,-2,1,2,2,1,29164.0,14490.0,14674.0,1.77
388,10,-20,20,-10,-1,-2,1,2,2,2,27764.0,14490.0,13274.0,1.76
389,10,-20,20,-10,-1,-2,1,3,1,1,30471.0,14490.0,15981.0,1.79
390,10,-20,20,-10,-1,-2,1,3,1,2,29071.0,14490.0,14581.0,1.8
391,10,-20,20,-10,-1,-2,1,3,2,1,29164.0,14490.0,14674.0,1.84
392,10,-20,20,-10,-1,-2,1,3,2,2,27764.0,14490.0,13274.0,1.81
393,10,-20,20,-10,-1,-2,2,2,1,1,30471.0,14490.0,15981.0,1.75
394,10,-20,20,-10,-1,-2,2,2,1,2,29071.0,14490.0,14581.0,1.91
395,10,-20,20,-10,-1,-2,2,2,2,1,29164.0,14490.0,14674.0,1.78
396,10,-20,20,-10,-1,-2,2,2,2,2,27764.0,14490.0,13274.0,1.72
397,10,-20,20,-10,-1,-2,2,3,1,1,30471.0,14490.0,15981.0,1.77
398,10,-20,20,-10,-1,-2,2,3,1,2,29071.0,14490.0,14581.0,1.77
399,10,-20,20,-10,-1,-2,2,3,2,1,29164.0,14490.0,14674.0,1.75
400,10,-20,20,-10,-1,-2,2,3,2,2,27764.0,14490.0,13274.0,1.8
401,10,-20,20,-10,-1,-3,1,2,1,1,30471.0,14490.0,15981.0,1.8
402,10,-20,20,-10,-1,-3,1,2,1,2,29071.0,14490.0,14581.0,1.77
403,10,-20,20,-10,-1,-3,1,2,2,1,29164.0,14490.0,14674.0,1.77
404,10,-20,20,-10,-1,-3,1,2,2,2,27764.0,14490.0,13274.0,1.76
405,10,-20,20,-10,-1,-3,1,3,1,1,30471.0,14490.0,15981.0,1.76
406,10,-20,20,-10,-1,-3,1,3,1,2,29071.0,14490.0,14581.0,1.75
407,10,-20,20,-10,-1,-3,1,3,2,1,29164.0,14490.0,14674.0,1.92
408,10,-20,20,-10,-1,-3,1,3,2,2,27764.0,14490.0,13274.0,1.77
409,10,-20,20,-10,-1,-3,2,2,1,1,30471.0,14490.0,15981.0,1.8
410,10,-20,20,-10,-1,-3,2,2,1,2,29071.0,14490.0,14581.0,1.76
411,10,-20,20,-10,-1,-3,2,2,2,1,29164.0,14490.0,14674.0,1.76
412,10,-20,20,-10,-1,-3,2,2,2,2,27764.0,14490.0,13274.0,1.74
413,10,-20,20,-10,-1,-3,2,3,1,1,30471.0,14490.0,15981.0,1.76
414,10,-20,20,-10,-1,-3,2,3,1,2,29071.0,14490.0,14581.0,1.77
415,10,-20,20,-10,-1,-3,2,3,2,1,29164.0,14490.0,14674.0,1.78
416,10,-20,20,-10,-1,-3,2,3,2,2,27764.0,14490.0,13274.0,1.75
417,10,-20,20,-10,-2,-2,1,2,1,1,30471.0,14490.0,15981.0,1.78
418,10,-20,20,-10,-2,-2,1,2,1,2,29071.0,14490.0,14581.0,1.95
419,10,-20,20,-10,-2,-2,1,2,2,1,29164.0,14490.0,14674.0,1.86
420,10,-20,20,-10,-2,-2,1,2,2,2,27764.0,14490.0,13274.0,1.8
421,10,-20,20,-10,-2,-2,1,3,1,1,30471.0,14490.0,15981.0,1.79
422,10,-20,20,-10,-2,-2,1,3,1,2,29071.0,14490.0,14581.0,2.33
423,10,-20,20,-10,-2,-2,1,3,2,1,29164.0,14490.0,14674.0,2.16
424,10,-20,20,-10,-2,-2,1,3,2,2,27764.0,14490.0,13274.0,1.95
425,10,-20,20,-10,-2,-2,2,2,1,1,30471.0,14490.0,15981.0,1.92
426,10,-20,20,-10,-2,-2,2,2,1,2,29071.0,14490.0,14581.0,1.89
427,10,-20,20,-10,-2,-2,2,2,2,1,29164.0,14490.0,14674.0,2.06
428,10,-20,20,-10,-2,-2,2,2,2,2,27764.0,14490.0,13274.0,1.87
429,10,-20,20,-10,-2,-2,2,3,1,1,30471.0,14490.0,15981.0,1.81
430,10,-20,20,-10,-2,-2,2,3,1,2,29071.0,14490.0,14581.0,1.76
431,10,-20,20,-10,-2,-2,2,3,2,1,29164.0,14490.0,14674.0,1.84
432,10,-20,20,-10,-2,-2,2,3,2,2,27764.0,14490.0,13274.0,1.81
433,10,-20,20,-10,-2,-3,1,2,1,1,30471.0,14490.0,15981.0,1.84
434,10,-20,20,-10,-2,-3,1,2,1,2,29071.0,14490.0,14581.0,1.93
435,10,-20,20,-10,-2,-3,1,2,2,1,29164.0,14490.0,14674.0,1.86
436,10,-20,20,-10,-2,-3,1,2,2,2,27764.0,14490.0,13274.0,1.77
437,10,-20,20,-10,-2,-3,1,3,1,1,30471.0,14490.0,15981.0,1.79
438,10,-20,20,-10,-2,-3,1,3,1,2,29071.0,14490.0,14581.0,1.75
439,10,-20,20,-10,-2,-3,1,3,2,1,29164.0,14490.0,14674.0,1.77
440,10,-20,20,-10,-2,-3,1,3,2,2,27764.0,14490.0,13274.0,1.77
441,10,-20,20,-10,-2,-3,2,2,1,1,30471.0,14490.0,15981.0,1.76
442,10,-20,20,-10,-2,-3,2,2,1,2,29071.0,14490.0,14581.0,1.77
443,10,-20,20,-10,-2,-3,2,2,2,1,29164.0,14490.0,14674.0,1.76
444,10,-20,20,-10,-2,-3,2,2,2,2,27764.0,14490.0,13274.0,1.8
445,10,-20,20,-10,-2,-3,2,3,1,1,30471.0,14490.0,15981.0,1.77
446,10,-20,20,-10,-2,-3,2,3,1,2,29071.0,14490.0,14581.0,1.83
447,10,-20,20,-10,-2,-3,2,3,2,1,29164.0,14490.0,14674.0,1.78
448,10,-20,20,-10,-2,-3,2,3,2,2,27764.0,14490.0,13274.0,1.78
449,10,-20,20,-20,-1,-2,1,2,1,1,30240.5,14490.0,15750.5,1.78
450,10,-20,20,-20,-1,-2,1,2,1,2,28840.5,14490.0,14350.5,1.91
451,10,-20,20,-20,-1,-2,1,2,2,1,28933.5,14490.0,14443.5,1.79
452,10,-20,20,-20,-1,-2,1,2,2,2,27533.5,14490.0,13043.5,1.83
453,10,-20,20,-20,-1,-2,1,3,1,1,30240.5,14490.0,15750.5,1.81
454,10,-20,20,-20,-1,-2,1,3,1,2,28840.5,14490.0,14350.5,1.9
455,10,-20,20,-20,-1,-2,1,3,2,1,28933.5,14490.0,14443.5,1.79
456,10,-20,20,-20,-1,-2,1,3,2,2,27533.5,14490.0,13043.5,1.82
457,10,-20,20,-20,-1,-2,2,2,1,1,30240.5,14490.0,15750.5,1.77
458,10,-20,20,-20,-1,-2,2,2,1,2,28840.5,14490.0,14350.5,1.77
459,10,-20,20,-20,-1,-2,2,2,2,1,28933.5,14490.0,14443.5,1.75
460,10,-20,20,-20,-1,-2,2,2,2,2,27533.5,14490.0,13043.5,1.8
461,10,-20,20,-20,-1,-2,2,3,1,1,30240.5,14490.0,15750.5,1.81
462,10,-20,20,-20,-1,-2,2,3,1,2,28840.5,14490.0,14350.5,2.02
463,10,-20,20,-20,-1,-2,2,3,2,1,28933.5,14490.0,14443.5,1.76
464,10,-20,20,-20,-1,-2,2,3,2,2,27533.5,14490.0,13043.5,1.78
465,10,-20,20,-20,-1,-3,1,2,1,1,30240.5,14490.0,15750.5,1.76
466,10,-20,20,-20,-1,-3,1,2,1,2,28840.5,14490.0,14350.5,1.79
467,10,-20,20,-20,-1,-3,1,2,2,1,28933.5,14490.0,14443.5,1.74
468,10,-20,20,-20,-1,-3,1,2,2,2,27533.5,14490.0,13043.5,1.89
469,10,-20,20,-20,-1,-3,1,3,1,1,30240.5,14490.0,15750.5,1.8
470,10,-20,20,-20,-1,-3,1,3,1,2,28840.5,14490.0,14350.5,1.77
471,10,-20,20,-20,-1,-3,1,3,2,1,28933.5,14490.0,14443.5,1.79
472,10,-20,20,-20,-1,-3,1,3,2,2,27533.5,14490.0,13043.5,1.81
473,10,-20,20,-20,-1,-3,2,2,1,1,30240.5,14490.0,15750.5,1.79
474,10,-20,20,-20,-1,-3,2,2,1,2,28840.5,14490.0,14350.5,1.77
475,10,-20,20,-20,-1,-3,2,2,2,1,28933.5,14490.0,14443.5,1.75
476,10,-20,20,-20,-1,-3,2,2,2,2,27533.5,14490.0,13043.5,1.77
477,10,-20,20,-20,-1,-3,2,3,1,1,30240.5,14490.0,15750.5,1.81
478,10,-20,20,-20,-1,-3,2,3,1,2,28840.5,14490.0,14350.5,1.77
479,10,-20,20,-20,-1,-3,2,3,2,1,28933.5,14490.0,14443.5,1.76
480,10,-20,20,-20,-1,-3,2,3,2,2,27533.5,14490.0,13043.5,1.93
481,10,-20,20,-20,-2,-2,1,2,1,1,30240.5,14490.0,15750.5,1.85
482,10,-20,20,-20,-2,-2,1,2,1,2,28840.5,14490.0,14350.5,1.8
483,10,-20,20,-20,-2,-2,1,2,2,1,28933.5,14490.0,14443.5,1.77
484,10,-20,20,-20,-2,-2,1,2,2,2,27533.5,14490.0,13043.5,1.76
485,10,-20,20,-20,-2,-2,1,3,1,1,30240.5,14490.0,15750.5,1.76
486,10,-20,20,-20,-2,-2,1,3,1,2,28840.5,14490.0,14350.5,1.8
487,10,-20,20,-20,-2,-2,1,3,2,1,28933.5,14490.0,14443.5,1.82
488,10,-20,20,-20,-2,-2,1,3,2,2,27533.5,14490.0,13043.5,1.77
489,10,-20,20,-20,-2,-2,2,2,1,1,30240.5,14490.0,15750.5,1.83
490,10,-20,20,-20,-2,-2,2,2,1,2,28840.5,14490.0,14350.5,1.81
491,10,-20,20,-20,-2,-2,2,2,2,1,28933.5,14490.0,14443.5,1.77
492,10,-20,20,-20,-2,-2,2,2,2,2,27533.5,14490.0,13043.5,1.96
493,10,-20,20,-20,-2,-2,2,3,1,1,30240.5,14490.0,15750.5,1.81
494,10,-20,20,-20,-2,-2,2,3,1,2,28840.5,14490.0,14350.5,1.83
495,10,-20,20,-20,-2,-2,2,3,2,1,28933.5,14490.0,14443.5,1.79
496,10,-20,20,-20,-2,-2,2,3,2,2,27533.5,14490.0,13043.5,1.94
497,10,-20,20,-20,-2,-3,1,2,1,1,30240.5,14490.0,15750.5,1.8
498,10,-20,20,-20,-2,-3,1,2,1,2,28840.5,14490.0,14350.5,1.79
499,10,-20,20,-20,-2,-3,1,2,2,1,28933.5,14490.0,14443.5,1.81
500,10,-20,20,-20,-2,-3,1,2,2,2,27533.5,14490.0,13043.5,1.9
501,10,-20,20,-20,-2,-3,1,3,1,1,30240.5,14490.0,15750.5,2.06
502,10,-20,20,-20,-2,-3,1,3,1,2,28840.5,14490.0,14350.5,1.95
503,10,-20,20,-20,-2,-3,1,3,2,1,28933.5,14490.0,14443.5,2.02
504,10,-20,20,-20,-2,-3,1,3,2,2,27533.5,14490.0,13043.5,1.93
505,10,-20,20,-20,-2,-3,2,2,1,1,30240.5,14490.0,15750.5,2.05
506,10,-20,20,-20,-2,-3,2,2,1,2,28840.5,14490.0,14350.5,1.88
507,10,-20,20,-20,-2,-3,2,2,2,1,28933.5,14490.0,14443.5,1.84
508,10,-20,20,-20,-2,-3,2,2,2,2,27533.5,14490.0,13043.5,2.12
509,10,-20,20,-20,-2,-3,2,3,1,1,30240.5,14490.0,15750.5,1.86
510,10,-20,20,-20,-2,-3,2,3,1,2,28840.5,14490.0,14350.5,2.18
511,10,-20,20,-20,-2,-3,2,3,2,1,28933.5,14490.0,14443.5,2.02
512,10,-20,20,-20,-2,-3,2,3,2,2,27533.5,14490.0,13043.5,1.93
513,20,-10,10,-10,-1,-2,1,2,1,1,30227.5,14490.0,15737.5,1.96
514,20,-10,10,-10,-1,-2,1,2,1,2,28822.5,14490.0,14332.5,1.83
515,20,-10,10,-10,-1,-2,1,2,2,1,28918.5,14490.0,14428.5,1.78
516,20,-10,10,-10,-1,-2,1,2,2,2,27513.5,14490.0,13023.5,1.8
517,20,-10,10,-10,-1,-2,1,3,1,1,30227.5,14490.0,15737.5,2.04
518,20,-10,10,-10,-1,-2,1,3,1,2,28822.5,14490.0,14332.5,1.8
519,20,-10,10,-10,-1,-2,1,3,2,1,28918.5,14490.0,14428.5,1.89
520,20,-10,10,-10,-1,-2,1,3,2,2,27513.5,14490.0,13023.5,2.05
521,20,-10,10,-10,-1,-2,2,2,1,1,30227.5,14490.0,15737.5,1.86
522,20,-10,10,-10,-1,-2,2,2,1,2,28822.5,14490.0,14332.5,1.85
523,20,-10,10,-10,-1,-2,2,2,2,1,28918.5,14490.0,14428.5,1.87
524,20,-10,10,-10,-1,-2,2,2,2,2,27513.5,14490.0,13023.5,2.03
525,20,-10,10,-10,-1,-2,2,3,1,1,30227.5,14490.0,15737.5,1.87
526,20,-10,10,-10,-1,-2,2,3,1,2,28822.5,14490.0,14332.5,1.85
527,20,-10,10,-10,-1,-2,2,3,2,1,28918.5,14490.0,14428.5,1.78
528,20,-10,10,-10,-1,-2,2,3,2,2,27513.5,14490.0,13023.5,1.83
529,20,-10,10,-10,-1,-3,1,2,1,1,30227.5,14490.0,15737.5,2.09
530,20,-10,10,-10,-1,-3,1,2,1,2,28822.5,14490.0,14332.5,1.92
531,20,-10,10,-10,-1,-3,1,2,2,1,28918.5,14490.0,14428.5,2.18
532,20,-10,10,-10,-1,-3,1,2,2,2,27513.5,14490.0,13023.5,1.9
533,20,-10,10,-10,-1,-3,1,3,1,1,30227.5,14490.0,15737.5,1.83
534,20,-10,10,-10,-1,-3,1,3,1,2,28822.5,14490.0,14332.5,1.79
535,20,-10,10,-10,-1,-3,1,3,2,1,28918.5,14490.0,14428.5,2.01
536,20,-10,10,-10,-1,-3,1,3,2,2,27513.5,14490.0,13023.5,1.83
537,20,-10,10,-10,-1,-3,2,2,1,1,30227.5,14490.0,15737.5,1.77
538,20,-10,10,-10,-1,-3,2,2,1,2,28822.5,14490.0,14332.5,1.77
539,20,-10,10,-10,-1,-3,2,2,2,1,28918.5,14490.0,14428.5,1.96
540,20,-10,10,-10,-1,-3,2,2,2,2,27513.5,14490.0,13023.5,1.81
541,20,-10,10,-10,-1,-3,2,3,1,1,30227.5,14490.0,15737.5,1.83
542,20,-10,10,-10,-1,-3,2,3,1,2,28822.5,14490.0,14332.5,1.8
543,20,-10,10,-10,-1,-3,2,3,2,1,28918.5,14490.0,14428.5,1.8
544,20,-10,10,-10,-1,-3,2,3,2,2,27513.5,14490.0,13023.5,1.76
545,20,-10,10,-10,-2,-2,1,2,1,1,30227.5,14490.0,15737.5,2.04
546,20,-10,10,-10,-2,-2,1,2,1,2,28822.5,14490.0,14332.5,1.85
547,20,-10,10,-10,-2,-2,1,2,2,1,28918.5,14490.0,14428.5,1.82
548,20,-10,10,-10,-2,-2,1,2,2,2,27513.5,14490.0,13023.5,1.81
549,20,-10,10,-10,-2,-2,1,3,1,1,30227.5,14490.0,15737.5,2.19
550,20,-10,10,-10,-2,-2,1,3,1,2,28822.5,14490.0,14332.5,1.8
551,20,-10,10,-10,-2,-2,1,3,2,1,28918.5,14490.0,14428.5,1.83
552,20,-10,10,-10,-2,-2,1,3,2,2,27513.5,14490.0,13023.5,1.83
553,20,-10,10,-10,-2,-2,2,2,1,1,30227.5,14490.0,15737.5,1.8
554,20,-10,10,-10,-2,-2,2,2,1,2,28822.5,14490.0,14332.5,1.84
555,20,-10,10,-10,-2,-2,2,2,2,1,28918.5,14490.0,14428.5,1.82
556,20,-10,10,-10,-2,-2,2,2,2,2,27513.5,14490.0,13023.5,1.94
557,20,-10,10,-10,-2,-2,2,3,1,1,30227.5,14490.0,15737.5,1.81
558,20,-10,10,-10,-2,-2,2,3,1,2,28822.5,14490.0,14332.5,1.78
559,20,-10,10,-10,-2,-2,2,3,2,1,28918.5,14490.0,14428.5,1.77
560,20,-10,10,-10,-2,-2,2,3,2,2,27513.5,14490.0,13023.5,1.76
561,20,-10,10,-10,-2,-3,1,2,1,1,30227.5,14490.0,15737.5,1.75
562,20,-10,10,-10,-2,-3,1,2,1,2,28822.5,14490.0,14332.5,1.76
563,20,-10,10,-10,-2,-3,1,2,2,1,28918.5,14490.0,14428.5,1.85
564,20,-10,10,-10,-2,-3,1,2,2,2,27513.5,14490.0,13023.5,1.81
565,20,-10,10,-10,-2,-3,1,3,1,1,30227.5,14490.0,15737.5,1.82
566,20,-10,10,-10,-2,-3,1,3,1,2,28822.5,14490.0,14332.5,1.8
567,20,-10,10,-10,-2,-3,1,3,2,1,28918.5,14490.0,14428.5,1.95
568,20,-10,10,-10,-2,-3,1,3,2,2,27513.5,14490.0,13023.5,1.95
569,20,-10,10,-10,-2,-3,2,2,1,1,30227.5,14490.0,15737.5,1.88
570,20,-10,10,-10,-2,-3,2,2,1,2,28822.5,14490.0,14332.5,1.9
571,20,-10,10,-10,-2,-3,2,2,2,1,28918.5,14490.0,14428.5,1.98
572,20,-10,10,-10,-2,-3,2,2,2,2,27513.5,14490.0,13023.5,2.12
573,20,-10,10,-10,-2,-3,2,3,1,1,30227.5,14490.0,15737.5,1.99
574,20,-10,10,-10,-2,-3,2,3,1,2,28822.5,14490.0,14332.5,1.93
575,20,-10,10,-10,-2,-3,2,3,2,1,28918.5,14490.0,14428.5,1.83
576,20,-10,10,-10,-2,-3,2,3,2,2,27513.5,14490.0,13023.5,2.08
577,20,-10,10,-20,-1,-2,1,2,1,1,30227.5,14490.0,15737.5,1.91
578,20,-10,10,-20,-1,-2,1,2,1,2,28822.5,14490.0,14332.5,1.98
579,20,-10,10,-20,-1,-2,1,2,2,1,28918.5,14490.0,14428.5,1.81
580,20,-10,10,-20,-1,-2,1,2,2,2,27513.5,14490.0,13023.5,2.08
581,20,-10,10,-20,-1,-2,1,3,1,1,30227.5,14490.0,15737.5,1.83
582,20,-10,10,-20,-1,-2,1,3,1,2,28822.5,14490.0,14332.5,2.09
583,20,-10,10,-20,-1,-2,1,3,2,1,28918.5,14490.0,14428.5,1.91
584,20,-10,10,-20,-1,-2,1,3,2,2,27513.5,14490.0,13023.5,1.96
585,20,-10,10,-20,-1,-2,2,2,1,1,30227.5,14490.0,15737.5,1.9
586,20,-10,10,-20,-1,-2,2,2,1,2,28822.5,14490.0,14332.5,1.98
587,20,-10,10,-20,-1,-2,2,2,2,1,28918.5,14490.0,14428.5,1.79
588,20,-10,10,-20,-1,-2,2,2,2,2,27513.5,14490.0,13023.5,1.81
589,20,-10,10,-20,-1,-2,2,3,1,1,30227.5,14490.0,15737.5,1.82
590,20,-10,10,-20,-1,-2,2,3,1,2,28822.5,14490.0,14332.5,1.83
591,20,-10,10,-20,-1,-2,2,3,2,1,28918.5,14490.0,14428.5,1.78
592,20,-10,10,-20,-1,-2,2,3,2,2,27513.5,14490.0,13023.5,1.84
593,20,-10,10,-20,-1,-3,1,2,1,1,30227.5,14490.0,15737.5,1.83
594,20,-10,10,-20,-1,-3,1,2,1,2,28822.5,14490.0,14332.5,2.08
595,20,-10,10,-20,-1,-3,1,2,2,1,28918.5,14490.0,14428.5,1.8
596,20,-10,10,-20,-1,-3,1,2,2,2,27513.5,14490.0,13023.5,1.88
597,20,-10,10,-20,-1,-3,1,3,1,1,30227.5,14490.0,15737.5,1.85
598,20,-10,10,-20,-1,-3,1,3,1,2,28822.5,14490.0,14332.5,1.83
599,20,-10,10,-20,-1,-3,1,3,2,1,28918.5,14490.0,14428.5,1.87
600,20,-10,10,-20,-1,-3,1,3,2,2,27513.5,14490.0,13023.5,1.85
601,20,-10,10,-20,-1,-3,2,2,1,1,30227.5,14490.0,15737.5,1.99
602,20,-10,10,-20,-1,-3,2,2,1,2,28822.5,14490.0,14332.5,1.82
603,20,-10,10,-20,-1,-3,2,2,2,1,28918.5,14490.0,14428.5,1.87
604,20,-10,10,-20,-1,-3,2,2,2,2,27513.5,14490.0,13023.5,1.8
605,20,-10,10,-20,-1,-3,2,3,1,1,30227.5,14490.0,15737.5,1.8
606,20,-10,10,-20,-1,-3,2,3,1,2,28822.5,14490.0,14332.5,2.0
607,20,-10,10,-20,-1,-3,2,3,2,1,28918.5,14490.0,14428.5,1.87
608,20,-10,10,-20,-1,-3,2,3,2,2,27513.5,14490.0,13023.5,1.93
609,20,-10,10,-20,-2,-2,1,2,1,1,30227.5,14490.0,15737.5,2.14
610,20,-10,10,-20,-2,-2,1,2,1,2,28822.5,14490.0,14332.5,1.89
611,20,-10,10,-20,-2,-2,1,2,2,1,28918.5,14490.0,14428.5,1.88
612,20,-10,10,-20,-2,-2,1,2,2,2,27513.5,14490.0,13023.5,1.81
613,20,-10,10,-20,-2,-2,1,3,1,1,30227.5,14490.0,15737.5,1.84
614,20,-10,10,-20,-2,-2,1,3,1,2,28822.5,14490.0,14332.5,2.02
615,20,-10,10,-20,-2,-2,1,3,2,1,28918.5,14490.0,14428.5,1.92
616,20,-10,10,-20,-2,-2,1,3,2,2,27513.5,14490.0,13023.5,1.93
617,20,-10,10,-20,-2,-2,2,2,1,1,30227.5,14490.0,15737.5,1.82
618,20,-10,10,-20,-2,-2,2,2,1,2,28822.5,14490.0,14332.5,1.84
619,20,-10,10,-20,-2,-2,2,2,2,1,28918.5,14490.0,14428.5,2.19
620,20,-10,10,-20,-2,-2,2,2,2,2,27513.5,14490.0,13023.5,1.83
621,20,-10,10,-20,-2,-2,2,3,1,1,30227.5,14490.0,15737.5,1.8
622,20,-10,10,-20,-2,-2,2,3,1,2,28822.5,14490.0,14332.5,2.04
623,20,-10,10,-20,-2,-2,2,3,2,1,28918.5,14490.0,14428.5,1.81
624,20,-10,10,-20,-2,-2,2,3,2,2,27513.5,14490.0,13023.5,1.87
625,20,-10,10,-20,-2,-3,1,2,1,1,30227.5,14490.0,15737.5,1.81
626,20,-10,10,-20,-2,-3,1,2,1,2,28822.5,14490.0,14332.5,1.82
627,20,-10,10,-20,-2,-3,1,2,2,1,28918.5,14490.0,14428.5,1.91
628,20,-10,10,-20,-2,-3,1,2,2,2,27513.5,14490.0,13023.5,2.16
629,20,-10,10,-20,-2,-3,1,3,1,1,30227.5,14490.0,15737.5,1.91
630,20,-10,10,-20,-2,-3,1,3,1,2,28822.5,14490.0,14332.5,1.89
631,20,-10,10,-20,-2,-3,1,3,2,1,28918.5,14490.0,14428.5,1.86
632,20,-10,10,-20,-2,-3,1,3,2,2,27513.5,14490.0,13023.5,2.07
633,20,-10,10,-20,-2,-3,2,2,1,1,30227.5,14490.0,15737.5,1.86
634,20,-10,10,-20,-2,-3,2,2,1,2,28822.5,14490.0,14332.5,1.92
635,20,-10,10,-20,-2,-3,2,2,2,1,28918.5,14490.0,14428.5,1.95
636,20,-10,10,-20,-2,-3,2,2,2,2,27513.5,14490.0,13023.5,1.88
637,20,-10,10,-20,-2,-3,2,3,1,1,30227.5,14490.0,15737.5,1.75
638,20,-10,10,-20,-2,-3,2,3,1,2,28822.5,14490.0,14332.5,1.76
639,20,-10,10,-20,-2,-3,2,3,2,1,28918.5,14490.0,14428.5,1.81
640,20,-10,10,-20,-2,-3,2,3,2,2,27513.5,14490.0,13023.5,2.08
641,20,-10,20,-10,-1,-2,1,2,1,1,30239.5,14490.0,15749.5,1.89
642,20,-10,20,-10,-1,-2,1,2,1,2,28834.5,14490.0,14344.5,2.26
643,20,-10,20,-10,-1,-2,1,2,2,1,28930.5,14490.0,14440.5,1.89
644,20,-10,20,-10,-1,-2,1,2,2,2,27525.5,14490.0,13035.5,1.79
645,20,-10,20,-10,-1,-2,1,3,1,1,30239.5,14490.0,15749.5,1.8
646,20,-10,20,-10,-1,-2,1,3,1,2,28834.5,14490.0,14344.5,1.74
647,20,-10,20,-10,-1,-2,1,3,2,1,28930.5,14490.0,14440.5,2.05
648,20,-10,20,-10,-1,-2,1,3,2,2,27525.5,14490.0,13035.5,1.83
649,20,-10,20,-10,-1,-2,2,2,1,1,30239.5,14490.0,15749.5,1.79
650,20,-10,20,-10,-1,-2,2,2,1,2,28834.5,14490.0,14344.5,1.81
651,20,-10,20,-10,-1,-2,2,2,2,1,28930.5,14490.0,14440.5,1.83
652,20,-10,20,-10,-1,-2,2,2,2,2,27525.5,14490.0,13035.5,1.76
653,20,-10,20,-10,-1,-2,2,3,1,1,30239.5,14490.0,15749.5,1.76
654,20,-10,20,-10,-1,-2,2,3,1,2,28834.5,14490.0,14344.5,1.78
655,20,-10,20,-10,-1,-2,2,3,2,1,28930.5,14490.0,14440.5,1.81
656,20,-10,20,-10,-1,-2,2,3,2,2,27525.5,14490.0,13035.5,1.85
657,20,-10,20,-10,-1,-3,1,2,1,1,30239.5,14490.0,15749.5,1.76
658,20,-10,20,-10,-1,-3,1,2,1,2,28834.5,14490.0,14344.5,1.8
659,20,-10,20,-10,-1,-3,1,2,2,1,28930.5,14490.0,14440.5,1.79
660,20,-10,20,-10,-1,-3,1,2,2,2,27525.5,14490.0,13035.5,1.77
661,20,-10,20,-10,-1,-3,1,3,1,1,30239.5,14490.0,15749.5,1.79
662,20,-10,20,-10,-1,-3,1,3,1,2,28834.5,14490.0,14344.5,1.92
663,20,-10,20,-10,-1,-3,1,3,2,1,28930.5,14490.0,14440.5,1.96
664,20,-10,20,-10,-1,-3,1,3,2,2,27525.5,14490.0,13035.5,1.83
665,20,-10,20,-10,-1,-3,2,2,1,1,30239.5,14490.0,15749.5,1.8
666,20,-10,20,-10,-1,-3,2,2,1,2,28834.5,14490.0,14344.5,1.81
667,20,-10,20,-10,-1,-3,2,2,2,1,28930.5,14490.0,14440.5,1.95
668,20,-10,20,-10,-1,-3,2,2,2,2,27525.5,14490.0,13035.5,1.97
669,20,-10,20,-10,-1,-3,2,3,1,1,30239.5,14490.0,15749.5,1.79
670,20,-10,20,-10,-1,-3,2,3,1,2,28834.5,14490.0,14344.5,1.78
671,20,-10,20,-10,-1,-3,2,3,2,1,28930.5,14490.0,14440.5,1.79
672,20,-10,20,-10,-1,-3,2,3,2,2,27525.5,14490.0,13035.5,1.98
673,20,-10,20,-10,-2,-2,1,2,1,1,30239.5,14490.0,15749.5,1.79
674,20,-10,20,-10,-2,-2,1,2,1,2,28834.5,14490.0,14344.5,1.83
675,20,-10,20,-10,-2,-2,1,2,2,1,28930.5,14490.0,14440.5,1.77
676,20,-10,20,-10,-2,-2,1,2,2,2,27525.5,14490.0,13035.5,1.79
677,20,-10,20,-10,-2,-2,1,3,1,1,30239.5,14490.0,15749.5,1.77
678,20,-10,20,-10,-2,-2,1,3,1,2,28834.5,14490.0,14344.5,1.81
679,20,-10,20,-10,-2,-2,1,3,2,1,28930.5,14490.0,14440.5,1.8
680,20,-10,20,-10,-2,-2,1,3,2,2,27525.5,14490.0,13035.5,1.78
681,20,-10,20,-10,-2,-2,2,2,1,1,30239.5,14490.0,15749.5,1.75
682,20,-10,20,-10,-2,-2,2,2,1,2,28834.5,14490.0,14344.5,1.8
683,20,-10,20,-10,-2,-2,2,2,2,1,28930.5,14490.0,14440.5,1.83
684,20,-10,20,-10,-2,-2,2,2,2,2,27525.5,14490.0,13035.5,1.9
685,20,-10,20,-10,-2,-2,2,3,1,1,30239.5,14490.0,15749.5,1.89
686,20,-10,20,-10,-2,-2,2,3,1,2,28834.5,14490.0,14344.5,1.78
687,20,-10,20,-10,-2,-2,2,3,2,1,28930.5,14490.0,14440.5,1.85
688,20,-10,20,-10,-2,-2,2,3,2,2,27525.5,14490.0,13035.5,1.9
689,20,-10,20,-10,-2,-3,1,2,1,1,30239.5,14490.0,15749.5,1.86
690,20,-10,20,-10,-2,-3,1,2,1,2,28834.5,14490.0,14344.5,1.94
691,20,-10,20,-10,-2,-3,1,2,2,1,28930.5,14490.0,14440.5,2.13
692,20,-10,20,-10,-2,-3,1,2,2,2,27525.5,14490.0,13035.5,1.8
693,20,-10,20,-10,-2,-3,1,3,1,1,30239.5,14490.0,15749.5,1.79
694,20,-10,20,-10,-2,-3,1,3,1,2,28834.5,14490.0,14344.5,1.98
695,20,-10,20,-10,-2,-3,1,3,2,1,28930.5,14490.0,14440.5,1.79
696,20,-10,20,-10,-2,-3,1,3,2,2,27525.5,14490.0,13035.5,1.83
697,20,-10,20,-10,-2,-3,2,2,1,1,30239.5,14490.0,15749.5,1.8
698,20,-10,20,-10,-2,-3,2,2,1,2,28834.5,14490.0,14344.5,1.83
699,20,-10,20,-10,-2,-3,2,2,2,1,28930.5,14490.0,14440.5,1.87
700,20,-10,20,-10,-2,-3,2,2,2,2,27525.5,14490.0,13035.5,1.93
701,20,-10,20,-10,-2,-3,2,3,1,1,30239.5,14490.0,15749.5,1.76
702,20,-10,20,-10,-2,-3,2,3,1,2,28834.5,14490.0,14344.5,1.77
703,20,-10,20,-10,-2,-3,2,3,2,1,28930.5,14490.0,14440.5,1.77
704,20,-10,20,-10,-2,-3,2,3,2,2,27525.5,14490.0,13035.5,1.81
705,20,-10,20,-20,-1,-2,1,2,1,1,30239.5,14490.0,15749.5,1.85
706,20,-10,20,-20,-1,-2,1,2,1,2,28834.5,14490.0,14344.5,1.8
707,20,-10,20,-20,-1,-2,1,2,2,1,28930.5,14490.0,14440.5,1.94
708,20,-10,20,-20,-1,-2,1,2,2,2,27525.5,14490.0,13035.5,1.77
709,20,-10,20,-20,-1,-2,1,3,1,1,30239.5,14490.0,15749.5,1.89
710,20,-10,20,-20,-1,-2,1,3,1,2,28834.5,14490.0,14344.5,1.8
711,20,-10,20,-20,-1,-2,1,3,2,1,28930.5,14490.0,14440.5,2.07
712,20,-10,20,-20,-1,-2,1,3,2,2,27525.5,14490.0,13035.5,2.1
713,20,-10,20,-20,-1,-2,2,2,1,1,30239.5,14490.0,15749.5,1.93
714,20,-10,20,-20,-1,-2,2,2,1,2,28834.5,14490.0,14344.5,1.93
715,20,-10,20,-20,-1,-2,2,2,2,1,28930.5,14490.0,14440.5,1.84
716,20,-10,20,-20,-1,-2,2,2,2,2,27525.5,14490.0,13035.5,1.83
717,20,-10,20,-20,-1,-2,2,3,1,1,30239.5,14490.0,15749.5,1.82
718,20,-10,20,-20,-1,-2,2,3,1,2,28834.5,14490.0,14344.5,1.84
719,20,-10,20,-20,-1,-2,2,3,2,1,28930.5,14490.0,14440.5,1.95
720,20,-10,20,-20,-1,-2,2,3,2,2,27525.5,14490.0,13035.5,1.85
721,20,-10,20,-20,-1,-3,1,2,1,1,30239.5,14490.0,15749.5,1.78
722,20,-10,20,-20,-1,-3,1,2,1,2,28834.5,14490.0,14344.5,1.82
723,20,-10,20,-20,-1,-3,1,2,2,1,28930.5,14490.0,14440.5,1.81
724,20,-10,20,-20,-1,-3,1,2,2,2,27525.5,14490.0,13035.5,1.77
725,20,-10,20,-20,-1,-3,1,3,1,1,30239.5,14490.0,15749.5,1.77
726,20,-10,20,-20,-1,-3,1,3,1,2,28834.5,14490.0,14344.5,1.75
727,20,-10,20,-20,-1,-3,1,3,2,1,28930.5,14490.0,14440.5,1.77
728,20,-10,20,-20,-1,-3,1,3,2,2,27525.5,14490.0,13035.5,1.77
729,20,-10,20,-20,-1,-3,2,2,1,1,30239.5,14490.0,15749.5,1.81
730,20,-10,20,-20,-1,-3,2,2,1,2,28834.5,14490.0,14344.5,1.95
731,20,-10,20,-20,-1,-3,2,2,2,1,28930.5,14490.0,14440.5,1.82
732,20,-10,20,-20,-1,-3,2,2,2,2,27525.5,14490.0,13035.5,1.77
733,20,-10,20,-20,-1,-3,2,3,1,1,30239.5,14490.0,15749.5,1.77
734,20,-10,20,-20,-1,-3,2,3,1,2,28834.5,14490.0,14344.5,1.96
735,20,-10,20,-20,-1,-3,2,3,2,1,28930.5,14490.0,14440.5,1.92
736,20,-10,20,-20,-1,-3,2,3,2,2,27525.5,14490.0,13035.5,1.93
737,20,-10,20,-20,-2,-2,1,2,1,1,30239.5,14490.0,15749.5,1.92
738,20,-10,20,-20,-2,-2,1,2,1,2,28834.5,14490.0,14344.5,1.87
739,20,-10,20,-20,-2,-2,1,2,2,1,28930.5,14490.0,14440.5,1.93
740,20,-10,20,-20,-2,-2,1,2,2,2,27525.5,14490.0,13035.5,1.79
741,20,-10,20,-20,-2,-2,1,3,1,1,30239.5,14490.0,15749.5,1.79
742,20,-10,20,-20,-2,-2,1,3,1,2,28834.5,14490.0,14344.5,1.81
743,20,-10,20,-20,-2,-2,1,3,2,1,28930.5,14490.0,14440.5,1.76
744,20,-10,20,-20,-2,-2,1,3,2,2,27525.5,14490.0,13035.5,1.81
745,20,-10,20,-20,-2,-2,2,2,1,1,30239.5,14490.0,15749.5,1.87
746,20,-10,20,-20,-2,-2,2,2,1,2,28834.5,14490.0,14344.5,1.85
747,20,-10,20,-20,-2,-2,2,2,2,1,28930.5,14490.0,14440.5,1.94
748,20,-10,20,-20,-2,-2,2,2,2,2,27525.5,14490.0,13035.5,1.91
749,20,-10,20,-20,-2,-2,2,3,1,1,30239.5,14490.0,15749.5,1.79
750,20,-10,20,-20,-2,-2,2,3,1,2,28834.5,14490.0,14344.5,1.76
751,20,-10,20,-20,-2,-2,2,3,2,1,28930.5,14490.0,14440.5,1.96
752,20,-10,20,-20,-2,-2,2,3,2,2,27525.5,14490.0,13035.5,1.87
753,20,-10,20,-20,-2,-3,1,2,1,1,30239.5,14490.0,15749.5,2.32
754,20,-10,20,-20,-2,-3,1,2,1,2,28834.5,14490.0,14344.5,1.85
755,20,-10,20,-20,-2,-3,1,2,2,1,28930.5,14490.0,14440.5,1.78
756,20,-10,20,-20,-2,-3,1,2,2,2,27525.5,14490.0,13035.5,1.78
757,20,-10,20,-20,-2,-3,1,3,1,1,30239.5,14490.0,15749.5,2.08
758,20,-10,20,-20,-2,-3,1,3,1,2,28834.5,14490.0,14344.5,1.8
759,20,-10,20,-20,-2,-3,1,3,2,1,28930.5,14490.0,14440.5,1.82
760,20,-10,20,-20,-2,-3,1,3,2,2,27525.5,14490.0,13035.5,1.81
761,20,-10,20,-20,-2,-3,2,2,1,1,30239.5,14490.0,15749.5,1.78
762,20,-10,20,-20,-2,-3,2,2,1,2,28834.5,14490.0,14344.5,1.73
763,20,-10,20,-20,-2,-3,2,2,2,1,28930.5,14490.0,14440.5,1.78
764,20,-10,20,-20,-2,-3,2,2,2,2,27525.5,14490.0,13035.5,1.77
765,20,-10,20,-20,-2,-3,2,3,1,1,30239.5,14490.0,15749.5,1.79
766,20,-10,20,-20,-2,-3,2,3,1,2,28834.5,14490.0,14344.5,2.05
767,20,-10,20,-20,-2,-3,2,3,2,1,28930.5,14490.0,14440.5,1.92
768,20,-10,20,-20,-2,-3,2,3,2,2,27525.5,14490.0,13035.5,2.0
769,20,-20,10,-10,-1,-2,1,2,1,1,30087.0,14490.0,15597.0,2.12
770,20,-20,10,-10,-1,-2,1,2,1,2,28690.0,14490.0,14200.0,2.36
771,20,-20,10,-10,-1,-2,1,2,2,1,28778.0,14490.0,14288.0,1.91
772,20,-20,10,-10,-1,-2,1,2,2,2,27381.0,14490.0,12891.0,2.04
773,20,-20,10,-10,-1,-2,1,3,1,1,30087.0,14490.0,15597.0,1.86
774,20,-20,10,-10,-1,-2,1,3,1,2,28690.0,14490.0,14200.0,2.01
775,20,-20,10,-10,-1,-2,1,3,2,1,28778.0,14490.0,14288.0,1.78
776,20,-20,10,-10,-1,-2,1,3,2,2,27381.0,14490.0,12891.0,1.77
777,20,-20,10,-10,-1,-2,2,2,1,1,30087.0,14490.0,15597.0,1.88
778,20,-20,10,-10,-1,-2,2,2,1,2,28690.0,14490.0,14200.0,1.79
779,20,-20,10,-10,-1,-2,2,2,2,1,28778.0,14490.0,14288.0,1.8
780,20,-20,10,-10,-1,-2,2,2,2,2,27381.0,14490.0,12891.0,1.96
781,20,-20,10,-10,-1,-2,2,3,1,1,30087.0,14490.0,15597.0,1.81
782,20,-20,10,-10,-1,-2,2,3,1,2,28690.0,14490.0,14200.0,1.78
783,20,-20,10,-10,-1,-2,2,3,2,1,28778.0,14490.0,14288.0,1.86
784,20,-20,10,-10,-1,-2,2,3,2,2,27381.0,14490.0,12891.0,1.8
785,20,-20,10,-10,-1,-3,1,2,1,1,30087.0,14490.0,15597.0,1.84
786,20,-20,10,-10,-1,-3,1,2,1,2,28690.0,14490.0,14200.0,1.99
787,20,-20,10,-10,-1,-3,1,2,2,1,28778.0,14490.0,14288.0,1.88
788,20,-20,10,-10,-1,-3,1,2,2,2,27381.0,14490.0,12891.0,1.78
789,20,-20,10,-10,-1,-3,1,3,1,1,30087.0,14490.0,15597.0,1.78
790,20,-20,10,-10,-1,-3,1,3,1,2,28690.0,14490.0,14200.0,1.81
791,20,-20,10,-10,-1,-3,1,3,2,1,28778.0,14490.0,14288.0,1.79
792,20,-20,10,-10,-1,-3,1,3,2,2,27381.0,14490.0,12891.0,1.98
793,20,-20,10,-10,-1,-3,2,2,1,1,30087.0,14490.0,15597.0,1.91
794,20,-20,10,-10,-1,-3,2,2,1,2,28690.0,14490.0,14200.0,1.81
795,20,-20,10,-10,-1,-3,2,2,2,1,28778.0,14490.0,14288.0,1.77
796,20,-20,10,-10,-1,-3,2,2,2,2,27381.0,14490.0,12891.0,1.77
797,20,-20,10,-10,-1,-3,2,3,1,1,30087.0,14490.0,15597.0,1.76
798,20,-20,10,-10,-1,-3,2,3,1,2,28690.0,14490.0,14200.0,1.75
799,20,-20,10,-10,-1,-3,2,3,2,1,28778.0,14490.0,14288.0,1.99
800,20,-20,10,-10,-1,-3,2,3,2,2,27381.0,14490.0,12891.0,1.81
801,20,-20,10,-10,-2,-2,1,2,1,1,30084.0,14490.0,15594.0,1.87
802,20,-20,10,-10,-2,-2,1,2,1,2,28687.0,14490.0,14197.0,1.81
803,20,-20,10,-10,-2,-2,1,2,2,1,28775.0,14490.0,14285.0,1.83
804,20,-20,10,-10,-2,-2,1,2,2,2,27378.0,14490.0,12888.0,1.79
805,20,-20,10,-10,-2,-2,1,3,1,1,30084.0,14490.0,15594.0,1.97
806,20,-20,10,-10,-2,-2,1,3,1,2,28687.0,14490.0,14197.0,1.92
807,20,-20,10,-10,-2,-2,1,3,2,1,28775.0,14490.0,14285.0,1.77
808,20,-20,10,-10,-2,-2,1,3,2,2,27378.0,14490.0,12888.0,1.78
809,20,-20,10,-10,-2,-2,2,2,1,1,30084.0,14490.0,15594.0,2.09
810,20,-20,10,-10,-2,-2,2,2,1,2,28687.0,14490.0,14197.0,1.94
811,20,-20,10,-10,-2,-2,2,2,2,1,28775.0,14490.0,14285.0,1.85
812,20,-20,10,-10,-2,-2,2,2,2,2,27378.0,14490.0,12888.0,1.87
813,20,-20,10,-10,-2,-2,2,3,1,1,30084.0,14490.0,15594.0,2.31
814,20,-20,10,-10,-2,-2,2,3,1,2,28687.0,14490.0,14197.0,2.02
815,20,-20,10,-10,-2,-2,2,3,2,1,28775.0,14490.0,14285.0,2.02
816,20,-20,10,-10,-2,-2,2,3,2,2,27378.0,14490.0,12888.0,1.91
817,20,-20,10,-10,-2,-3,1,2,1,1,30084.0,14490.0,15594.0,1.99
818,20,-20,10,-10,-2,-3,1,2,1,2,28687.0,14490.0,14197.0,1.77
819,20,-20,10,-10,-2,-3,1,2,2,1,28775.0,14490.0,14285.0,1.76
820,20,-20,10,-10,-2,-3,1,2,2,2,27378.0,14490.0,12888.0,1.77
821,20,-20,10,-10,-2,-3,1,3,1,1,30084.0,14490.0,15594.0,1.74
822,20,-20,10,-10,-2,-3,1,3,1,2,28687.0,14490.0,14197.0,1.77
823,20,-20,10,-10,-2,-3,1,3,2,1,28775.0,14490.0,14285.0,1.77
824,20,-20,10,-10,-2,-3,1,3,2,2,27378.0,14490.0,12888.0,1.81
825,20,-20,10,-10,-2,-3,2,2,1,1,30084.0,14490.0,15594.0,1.79
826,20,-20,10,-10,-2,-3,2,2,1,2,28687.0,14490.0,14197.0,1.78
827,20,-20,10,-10,-2,-3,2,2,2,1,28775.0,14490.0,14285.0,1.78
828,20,-20,10,-10,-2,-3,2,2,2,2,27378.0,14490.0,12888.0,2.18
829,20,-20,10,-10,-2,-3,2,3,1,1,30084.0,14490.0,15594.0,1.95
830,20,-20,10,-10,-2,-3,2,3,1,2,28687.0,14490.0,14197.0,1.88
831,20,-20,10,-10,-2,-3,2,3,2,1,28775.0,14490.0,14285.0,2.0
832,20,-20,10,-10,-2,-3,2,3,2,2,27378.0,14490.0,12888.0,1.95
833,20,-20,10,-20,-1,-2,1,2,1,1,30087.0,14490.0,15597.0,1.87
834,20,-20,10,-20,-1,-2,1,2,1,2,28690.0,14490.0,14200.0,1.81
835,20,-20,10,-20,-1,-2,1,2,2,1,28778.0,14490.0,14288.0,1.86
836,20,-20,10,-20,-1,-2,1,2,2,2,27381.0,14490.0,12891.0,2.14
837,20,-20,10,-20,-1,-2,1,3,1,1,30087.0,14490.0,15597.0,1.84
838,20,-20,10,-20,-1,-2,1,3,1,2,28690.0,14490.0,14200.0,1.77
839,20,-20,10,-20,-1,-2,1,3,2,1,28778.0,14490.0,14288.0,1.77
840,20,-20,10,-20,-1,-2,1,3,2,2,27381.0,14490.0,12891.0,1.8
841,20,-20,10,-20,-1,-2,2,2,1,1,30087.0,14490.0,15597.0,2.01
842,20,-20,10,-20,-1,-2,2,2,1,2,28690.0,14490.0,14200.0,1.84
843,20,-20,10,-20,-1,-2,2,2,2,1,28778.0,14490.0,14288.0,1.89
844,20,-20,10,-20,-1,-2,2,2,2,2,27381.0,14490.0,12891.0,1.81
845,20,-20,10,-20,-1,-2,2,3,1,1,30087.0,14490.0,15597.0,1.76
846,20,-20,10,-20,-1,-2,2,3,1,2,28690.0,14490.0,14200.0,1.83
847,20,-20,10,-20,-1,-2,2,3,2,1,28778.0,14490.0,14288.0,2.08
848,20,-20,10,-20,-1,-2,2,3,2,2,27381.0,14490.0,12891.0,1.97
849,20,-20,10,-20,-1,-3,1,2,1,1,30087.0,14490.0,15597.0,1.76
850,20,-20,10,-20,-1,-3,1,2,1,2,28690.0,14490.0,14200.0,1.77
851,20,-20,10,-20,-1,-3,1,2,2,1,28778.0,14490.0,14288.0,1.77
852,20,-20,10,-20,-1,-3,1,2,2,2,27381.0,14490.0,12891.0,1.8
853,20,-20,10,-20,-1,-3,1,3,1,1,30087.0,14490.0,15597.0,1.82
854,20,-20,10,-20,-1,-3,1,3,1,2,28690.0,14490.0,14200.0,1.93
855,20,-20,10,-20,-1,-3,1,3,2,1,28778.0,14490.0,14288.0,1.78
856,20,-20,10,-20,-1,-3,1,3,2,2,27381.0,14490.0,12891.0,1.79
857,20,-20,10,-20,-1,-3,2,2,1,1,30087.0,14490.0,15597.0,1.75
858,20,-20,10,-20,-1,-3,2,2,1,2,28690.0,14490.0,14200.0,1.75
859,20,-20,10,-20,-1,-3,2,2,2,1,28778.0,14490.0,14288.0,1.75
860,20,-20,10,-20,-1,-3,2,2,2,2,27381.0,14490.0,12891.0,1.75
861,20,-20,10,-20,-1,-3,2,3,1,1,30087.0,14490.0,15597.0,1.82
862,20,-20,10,-20,-1,-3,2,3,1,2,28690.0,14490.0,14200.0,1.84
863,20,-20,10,-20,-1,-3,2,3,2,1,28778.0,14490.0,14288.0,1.84
864,20,-20,10,-20,-1,-3,2,3,2,2,27381.0,14490.0,12891.0,2.11
865,20,-20,10,-20,-2,-2,1,2,1,1,30084.0,14490.0,15594.0,1.79
866,20,-20,10,-20,-2,-2,1,2,1,2,28687.0,14490.0,14197.0,1.82
867,20,-20,10,-20,-2,-2,1,2,2,1,28775.0,14490.0,14285.0,1.93
868,20,-20,10,-20,-2,-2,1,2,2,2,27378.0,14490.0,12888.0,1.77
869,20,-20,10,-20,-2,-2,1,3,1,1,30084.0,14490.0,15594.0,1.92
870,20,-20,10,-20,-2,-2,1,3,1,2,28687.0,14490.0,14197.0,1.75
871,20,-20,10,-20,-2,-2,1,3,2,1,28775.0,14490.0,14285.0,1.78
872,20,-20,10,-20,-2,-2,1,3,2,2,27378.0,14490.0,12888.0,1.77
873,20,-20,10,-20,-2,-2,2,2,1,1,30084.0,14490.0,15594.0,1.89
874,20,-20,10,-20,-2,-2,2,2,1,2,28687.0,14490.0,14197.0,1.82
875,20,-20,10,-20,-2,-2,2,2,2,1,28775.0,14490.0,14285.0,1.81
876,20,-20,10,-20,-2,-2,2,2,2,2,27378.0,14490.0,12888.0,1.82
877,20,-20,10,-20,-2,-2,2,3,1,1,30084.0,14490.0,15594.0,1.92
878,20,-20,10,-20,-2,-2,2,3,1,2,28687.0,14490.0,14197.0,2.01
879,20,-20,10,-20,-2,-2,2,3,2,1,28775.0,14490.0,14285.0,1.86
880,20,-20,10,-20,-2,-2,2,3,2,2,27378.0,14490.0,12888.0,2.0
881,20,-20,10,-20,-2,-3,1,2,1,1,30084.0,14490.0,15594.0,1.8
882,20,-20,10,-20,-2,-3,1,2,1,2,28687.0,14490.0,14197.0,1.81
883,20,-20,10,-20,-2,-3,1,2,2,1,28775.0,14490.0,14285.0,1.83
884,20,-20,10,-20,-2,-3,1,2,2,2,27378.0,14490.0,12888.0,2.01
885,20,-20,10,-20,-2,-3,1,3,1,1,30084.0,14490.0,15594.0,1.82
886,20,-20,10,-20,-2,-3,1,3,1,2,28687.0,14490.0,14197.0,1.91
887,20,-20,10,-20,-2,-3,1,3,2,1,28775.0,14490.0,14285.0,1.88
888,20,-20,10,-20,-2,-3,1,3,2,2,27378.0,14490.0,12888.0,1.77
889,20,-20,10,-20,-2,-3,2,2,1,1,30084.0,14490.0,15594.0,1.86
890,20,-20,10,-20,-2,-3,2,2,1,2,28687.0,14490.0,14197.0,2.01
891,20,-20,10,-20,-2,-3,2,2,2,1,28775.0,14490.0,14285.0,1.82
892,20,-20,10,-20,-2,-3,2,2,2,2,27378.0,14490.0,12888.0,1.89
893,20,-20,10,-20,-2,-3,2,3,1,1,30084.0,14490.0,15594.0,2.03
894,20,-20,10,-20,-2,-3,2,3,1,2,28687.0,14490.0,14197.0,1.89
895,20,-20,10,-20,-2,-3,2,3,2,1,28775.0,14490.0,14285.0,1.83
896,20,-20,10,-20,-2,-3,2,3,2,2,27378.0,14490.0,12888.0,1.83
897,20,-20,20,-10,-1,-2,1,2,1,1,29934.0,14490.0,15444.0,1.8
898,20,-20,20,-10,-1,-2,1,2,1,2,28532.0,14490.0,14042.0,1.77
899,20,-20,20,-10,-1,-2,1,2,2,1,28625.0,14490.0,14135.0,1.82
900,20,-20,20,-10,-1,-2,1,2,2,2,27223.0,14490.0,12733.0,1.95
901,20,-20,20,-10,-1,-2,1,3,1,1,29934.0,14490.0,15444.0,1.81
902,20,-20,20,-10,-1,-2,1,3,1,2,28532.0,14490.0,14042.0,1.78
903,20,-20,20,-10,-1,-2,1,3,2,1,28625.0,14490.0,14135.0,1.79
904,20,-20,20,-10,-1,-2,1,3,2,2,27223.0,14490.0,12733.0,1.81
905,20,-20,20,-10,-1,-2,2,2,1,1,29934.0,14490.0,15444.0,2.04
906,20,-20,20,-10,-1,-2,2,2,1,2,28532.0,14490.0,14042.0,1.87
907,20,-20,20,-10,-1,-2,2,2,2,1,28625.0,14490.0,14135.0,1.83
908,20,-20,20,-10,-1,-2,2,2,2,2,27223.0,14490.0,12733.0,1.95
909,20,-20,20,-10,-1,-2,2,3,1,1,29934.0,14490.0,15444.0,1.99
910,20,-20,20,-10,-1,-2,2,3,1,2,28532.0,14490.0,14042.0,1.78
911,20,-20,20,-10,-1,-2,2,3,2,1,28625.0,14490.0,14135.0,1.77
912,20,-20,20,-10,-1,-2,2,3,2,2,27223.0,14490.0,12733.0,1.79
913,20,-20,20,-10,-1,-3,1,2,1,1,29934.0,14490.0,15444.0,1.96
914,20,-20,20,-10,-1,-3,1,2,1,2,28532.0,14490.0,14042.0,1.8
915,20,-20,20,-10,-1,-3,1,2,2,1,28625.0,14490.0,14135.0,1.79
916,20,-20,20,-10,-1,-3,1,2,2,2,27223.0,14490.0,12733.0,1.84
917,20,-20,20,-10,-1,-3,1,3,1,1,29934.0,14490.0,15444.0,2.02
918,20,-20,20,-10,-1,-3,1,3,1,2,28532.0,14490.0,14042.0,2.03
919,20,-20,20,-10,-1,-3,1,3,2,1,28625.0,14490.0,14135.0,1.97
920,20,-20,20,-10,-1,-3,1,3,2,2,27223.0,14490.0,12733.0,1.78
921,20,-20,20,-10,-1,-3,2,2,1,1,29934.0,14490.0,15444.0,1.77
922,20,-20,20,-10,-1,-3,2,2,1,2,28532.0,14490.0,14042.0,1.76
923,20,-20,20,-10,-1,-3,2,2,2,1,28625.0,14490.0,14135.0,1.83
924,20,-20,20,-10,-1,-3,2,2,2,2,27223.0,14490.0,12733.0,1.88
925,20,-20,20,-10,-1,-3,2,3,1,1,29934.0,14490.0,15444.0,1.76
926,20,-20,20,-10,-1,-3,2,3,1,2,28532.0,14490.0,14042.0,1.78
927,20,-20,20,-10,-1,-3,2,3,2,1,28625.0,14490.0,14135.0,1.8
928,20,-20,20,-10,-1,-3,2,3,2,2,27223.0,14490.0,12733.0,1.85
929,20,-20,20,-10,-2,-2,1,2,1,1,29931.0,14490.0,15441.0,1.8
930,20,-20,20,-10,-2,-2,1,2,1,2,28529.0,14490.0,14039.0,1.81
931,20,-20,20,-10,-2,-2,1,2,2,1,28622.0,14490.0,14132.0,1.77
932,20,-20,20,-10,-2,-2,1,2,2,2,27220.0,14490.0,12730.0,1.77
933,20,-20,20,-10,-2,-2,1,3,1,1,29931.0,14490.0,15441.0,1.75
934,20,-20,20,-10,-2,-2,1,3,1,2,28529.0,14490.0,14039.0,1.75
935,20,-20,20,-10,-2,-2,1,3,2,1,28622.0,14490.0,14132.0,1.75
936,20,-20,20,-10,-2,-2,1,3,2,2,27220.0,14490.0,12730.0,1.92
937,20,-20,20,-10,-2,-2,2,2,1,1,29931.0,14490.0,15441.0,1.79
938,20,-20,20,-10,-2,-2,2,2,1,2,28529.0,14490.0,14039.0,1.78
939,20,-20,20,-10,-2,-2,2,2,2,1,28622.0,14490.0,14132.0,1.76
940,20,-20,20,-10,-2,-2,2,2,2,2,27220.0,14490.0,12730.0,1.77
941,20,-20,20,-10,-2,-2,2,3,1,1,29931.0,14490.0,15441.0,1.75
942,20,-20,20,-10,-2,-2,2,3,1,2,28529.0,14490.0,14039.0,1.8
943,20,-20,20,-10,-2,-2,2,3,2,1,28622.0,14490.0,14132.0,1.81
944,20,-20,20,-10,-2,-2,2,3,2,2,27220.0,14490.0,12730.0,1.78
945,20,-20,20,-10,-2,-3,1,2,1,1,29931.0,14490.0,15441.0,1.77
946,20,-20,20,-10,-2,-3,1,2,1,2,28529.0,14490.0,14039.0,1.78
947,20,-20,20,-10,-2,-3,1,2,2,1,28622.0,14490.0,14132.0,1.79
948,20,-20,20,-10,-2,-3,1,2,2,2,27220.0,14490.0,12730.0,1.96
949,20,-20,20,-10,-2,-3,1,3,1,1,29931.0,14490.0,15441.0,1.82
950,20,-20,20,-10,-2,-3,1,3,1,2,28529.0,14490.0,14039.0,1.79
951,20,-20,20,-10,-2,-3,1,3,2,1,28622.0,14490.0,14132.0,1.79
952,20,-20,20,-10,-2,-3,1,3,2,2,27220.0,14490.0,12730.0,1.87
953,20,-20,20,-10,-2,-3,2,2,1,1,29931.0,14490.0,15441.0,1.97
954,20,-20,20,-10,-2,-3,2,2,1,2,28529.0,14490.0,14039.0,2.02
955,20,-20,20,-10,-2,-3,2,2,2,1,28622.0,14490.0,14132.0,1.8
956,20,-20,20,-10,-2,-3,2,2,2,2,27220.0,14490.0,12730.0,1.84
957,20,-20,20,-10,-2,-3,2,3,1,1,29931.0,14490.0,15441.0,1.84
958,20,-20,20,-10,-2,-3,2,3,1,2,28529.0,14490.0,14039.0,2.18
959,20,-20,20,-10,-2,-3,2,3,2,1,28622.0,14490.0,14132.0,1.85
960,20,-20,20,-10,-2,-3,2,3,2,2,27220.0,14490.0,12730.0,1.96
961,20,-20,20,-20,-1,-2,1,2,1,1,30303.0,14490.0,15813.0,1.83
962,20,-20,20,-20,-1,-2,1,2,1,2,28906.0,14490.0,14416.0,1.82
963,20,-20,20,-20,-1,-2,1,2,2,1,28994.0,14490.0,14504.0,1.92
964,20,-20,20,-20,-1,-2,1,2,2,2,27597.0,14490.0,13107.0,1.83
965,20,-20,20,-20,-1,-2,1,3,1,1,30303.0,14490.0,15813.0,1.8
966,20,-20,20,-20,-1,-2,1,3,1,2,28906.0,14490.0,14416.0,1.76
967,20,-20,20,-20,-1,-2,1,3,2,1,28994.0,14490.0,14504.0,1.76
968,20,-20,20,-20,-1,-2,1,3,2,2,27597.0,14490.0,13107.0,1.82
969,20,-20,20,-20,-1,-2,2,2,1,1,30303.0,14490.0,15813.0,1.79
970,20,-20,20,-20,-1,-2,2,2,1,2,28906.0,14490.0,14416.0,1.98
971,20,-20,20,-20,-1,-2,2,2,2,1,28994.0,14490.0,14504.0,1.89
972,20,-20,20,-20,-1,-2,2,2,2,2,27597.0,14490.0,13107.0,1.77
973,20,-20,20,-20,-1,-2,2,3,1,1,30303.0,14490.0,15813.0,1.76
974,20,-20,20,-20,-1,-2,2,3,1,2,28906.0,14490.0,14416.0,1.82
975,20,-20,20,-20,-1,-2,2,3,2,1,28994.0,14490.0,14504.0,1.78
976,20,-20,20,-20,-1,-2,2,3,2,2,27597.0,14490.0,13107.0,1.87
977,20,-20,20,-20,-1,-3,1,2,1,1,30303.0,14490.0,15813.0,1.87
978,20,-20,20,-20,-1,-3,1,2,1,2,28906.0,14490.0,14416.0,1.84
979,20,-20,20,-20,-1,-3,1,2,2,1,28994.0,14490.0,14504.0,1.91
980,20,-20,20,-20,-1,-3,1,2,2,2,27597.0,14490.0,13107.0,1.76
981,20,-20,20,-20,-1,-3,1,3,1,1,30303.0,14490.0,15813.0,1.79
982,20,-20,20,-20,-1,-3,1,3,1,2,28906.0,14490.0,14416.0,2.05
983,20,-20,20,-20,-1,-3,1,3,2,1,28994.0,14490.0,14504.0,1.91
984,20,-20,20,-20,-1,-3,1,3,2,2,27597.0,14490.0,13107.0,1.91
985,20,-20,20,-20,-1,-3,2,2,1,1,30303.0,14490.0,15813.0,1.92
986,20,-20,20,-20,-1,-3,2,2,1,2,28906.0,14490.0,14416.0,2.06
987,20,-20,20,-20,-1,-3,2,2,2,1,28994.0,14490.0,14504.0,1.98
988,20,-20,20,-20,-1,-3,2,2,2,2,27597.0,14490.0,13107.0,1.78
989,20,-20,20,-20,-1,-3,2,3,1,1,30303.0,14490.0,15813.0,1.79
990,20,-20,20,-20,-1,-3,2,3,1,2,28906.0,14490.0,14416.0,1.76
991,20,-20,20,-20,-1,-3,2,3,2,1,28994.0,14490.0,14504.0,1.77
992,20,-20,20,-20,-1,-3,2,3,2,2,27597.0,14490.0,13107.0,1.91
993,20,-20,20,-20,-2,-2,1,2,1,1,30300.0,14490.0,15810.0,1.78
994,20,-20,20,-20,-2,-2,1,2,1,2,28903.0,14490.0,14413.0,1.78
995,20,-20,20,-20,-2,-2,1,2,2,1,28991.0,14490.0,14501.0,1.79
996,20,-20,20,-20,-2,-2,1,2,2,2,27594.0,14490.0,13104.0,1.77
997,20,-20,20,-20,-2,-2,1,3,1,1,30300.0,14490.0,15810.0,1.77
998,20,-20,20,-20,-2,-2,1,3,1,2,28903.0,14490.0,14413.0,1.76
999,20,-20,20,-20,-2,-2,1,3,2,1,28991.0,14490.0,14501.0,1.76
1000,20,-20,20,-20,-2,-2,1,3,2,2,27594.0,14490.0,13104.0,1.93
1001,20,-20,20,-20,-2,-2,2,2,1,1,30300.0,14490.0,15810.0,1.85
1002,20,-20,20,-20,-2,-2,2,2,1,2,28903.0,14490.0,14413.0,1.8
1003,20,-20,20,-20,-2,-2,2,2,2,1,28991.0,14490.0,14501.0,1.8
1004,20,-20,20,-20,-2,-2,2,2,2,2,27594.0,14490.0,13104.0,1.76
1005,20,-20,20,-20,-2,-2,2,3,1,1,30300.0,14490.0,15810.0,1.79
1006,20,-20,20,-20,-2,-2,2,3,1,2,28903.0,14490.0,14413.0,1.79
1007,20,-20,20,-20,-2,-2,2,3,2,1,28991.0,14490.0,14501.0,2.01
1008,20,-20,20,-20,-2,-2,2,3,2,2,27594.0,14490.0,13104.0,1.82
1009,20,-20,20,-20,-2,-3,1,2,1,1,30300.0,14490.0,15810.0,1.83
1010,20,-20,20,-20,-2,-3,1,2,1,2,28903.0,14490.0,14413.0,1.81
1011,20,-20,20,-20,-2,-3,1,2,2,1,28991.0,14490.0,14501.0,1.78
1012,20,-20,20,-20,-2,-3,1,2,2,2,27594.0,14490.0,13104.0,1.85
1013,20,-20,20,-20,-2,-3,1,3,1,1,30300.0,14490.0,15810.0,1.84
1014,20,-20,20,-20,-2,-3,1,3,1,2,28903.0,14490.0,14413.0,1.9
1015,20,-20,20,-20,-2,-3,1,3,2,1,28991.0,14490.0,14501.0,1.83
1016,20,-20,20,-20,-2,-3,1,3,2,2,27594.0,14490.0,13104.0,1.83
1017,20,-20,20,-20,-2,-3,2,2,1,1,30300.0,14490.0,15810.0,1.86
1018,20,-20,20,-20,-2,-3,2,2,1,2,28903.0,14490.0,14413.0,1.82
1019,20,-20,20,-20,-2,-3,2,2,2,1,28991.0,14490.0,14501.0,1.83
1020,20,-20,20,-20,-2,-3,2,2,2,2,27594.0,14490.0,13104.0,1.82
1021,20,-20,20,-20,-2,-3,2,3,1,1,30300.0,14490.0,15810.0,1.86
1022,20,-20,20,-20,-2,-3,2,3,1,2,28903.0,14490.0,14413.0,1.77
1023,20,-20,20,-20,-2,-3,2,3,2,1,28991.0,14490.0,14501.0,1.85
1024,20,-20,20,-20,-2,-3,2,3,2,2,27594.0,14490.0,13104.0,1.86
